Date,Luminosite,Humidite,CO2,Temperature,Batterie
2023-06-06 11:24:06,215.0,53.0,782.0,22.1,3653.0
2023-06-06 11:29:06,229.0,53.0,768.0,22.3,3653.0
2023-06-26 09:52:54,10.0,47.0,418.0,25.2,3659.0
2023-06-26 09:57:54,16.0,47.0,434.0,25.1,3656.0
2023-06-26 10:02:54,16.0,47.0,429.0,25.1,3656.0
2023-06-26 10:07:54,6.0,47.0,422.0,25.1,3659.0
2023-06-26 10:12:54,6.0,47.0,431.0,25.2,3659.0
2023-06-26 10:17:54,16.0,47.0,402.0,25.2,3656.0
2023-06-26 10:22:54,20.0,46.0,422.0,25.2,3656.0
2023-06-26 10:27:54,20.0,46.0,427.0,25.2,3659.0
2023-06-26 10:32:54,6.0,46.0,426.0,25.3,3659.0
2023-06-26 10:37:54,20.0,46.0,428.0,25.2,3659.0
2023-06-26 10:42:54,20.0,46.0,433.0,25.3,3659.0
2023-06-26 10:47:54,10.0,45.0,439.0,25.3,3656.0
2023-06-26 10:52:54,10.0,45.0,430.0,25.3,3656.0
2023-06-26 10:57:54,23.0,45.0,422.0,25.3,3656.0
2023-06-26 11:02:54,23.0,45.0,429.0,25.3,3661.0
2023-06-26 11:07:54,10.0,44.0,431.0,25.5,3659.0
2023-06-26 11:12:54,6.0,44.0,435.0,25.5,3659.0
2023-06-26 11:17:54,20.0,44.0,420.0,25.4,3659.0
2023-06-26 11:22:54,23.0,43.0,437.0,25.5,3656.0
2023-06-26 11:27:54,26.0,43.0,418.0,25.5,3659.0
2023-06-26 11:32:54,10.0,43.0,439.0,25.6,3659.0
2023-06-26 11:37:54,10.0,42.0,434.0,25.6,3659.0
2023-06-26 11:42:54,13.0,42.0,437.0,25.6,3659.0
2023-06-26 11:47:54,16.0,42.0,430.0,25.6,3656.0
2023-06-26 11:52:54,10.0,42.0,417.0,25.6,3659.0
2023-06-26 11:57:54,23.0,42.0,433.0,25.6,3659.0
2023-06-26 12:02:54,10.0,42.0,427.0,25.7,3659.0
2023-06-26 12:07:54,10.0,42.0,432.0,25.7,3656.0
2023-06-26 12:12:54,6.0,41.0,429.0,25.7,3656.0
2023-06-26 12:17:53,13.0,41.0,415.0,25.7,3656.0
2023-06-26 12:22:54,26.0,41.0,420.0,25.7,3656.0
2023-06-26 12:27:53,23.0,41.0,427.0,25.8,3656.0
2023-06-26 12:32:53,23.0,41.0,434.0,25.8,3656.0
2023-06-26 12:37:53,30.0,41.0,419.0,25.8,3659.0
2023-06-26 12:42:53,30.0,41.0,426.0,25.9,3659.0
2023-06-26 12:47:53,30.0,40.0,425.0,25.9,3659.0
2023-06-26 12:52:53,30.0,40.0,411.0,25.9,3656.0
2023-06-26 12:57:53,33.0,40.0,418.0,26.0,3656.0
2023-06-26 13:02:53,33.0,40.0,422.0,26.0,3659.0
2023-06-26 13:07:53,13.0,39.0,426.0,26.0,3656.0
2023-06-26 13:12:53,30.0,39.0,417.0,26.1,3659.0
2023-06-26 13:17:53,16.0,39.0,427.0,26.1,3659.0
2023-06-26 13:22:54,30.0,39.0,419.0,26.1,3661.0
2023-06-26 13:27:53,20.0,38.0,424.0,26.2,3656.0
2023-06-26 13:32:53,16.0,38.0,422.0,26.2,3656.0
2023-06-26 13:37:53,16.0,38.0,417.0,26.2,3656.0
2023-06-26 13:42:53,16.0,38.0,426.0,26.2,3656.0
2023-06-26 13:47:53,26.0,38.0,432.0,26.2,3656.0
2023-06-26 13:52:53,20.0,37.0,428.0,26.2,3656.0
2023-06-26 13:57:53,13.0,37.0,415.0,26.2,3656.0
2023-06-26 14:02:53,13.0,37.0,425.0,26.3,3656.0
2023-06-26 14:07:54,30.0,37.0,432.0,26.2,3659.0
2023-06-26 14:12:53,26.0,37.0,437.0,26.2,3659.0
2023-06-26 14:17:53,26.0,37.0,424.0,26.3,3656.0
2023-06-26 14:22:53,30.0,37.0,419.0,26.3,3656.0
2023-06-26 14:27:53,30.0,36.0,416.0,26.3,3656.0
2023-06-26 14:32:53,30.0,36.0,422.0,26.4,3656.0
2023-06-26 14:37:53,30.0,36.0,427.0,26.4,3656.0
2023-06-26 14:42:53,13.0,36.0,443.0,26.4,3656.0
2023-06-26 14:47:53,23.0,36.0,442.0,26.4,3659.0
2023-06-26 14:52:53,26.0,36.0,433.0,26.5,3656.0
2023-06-26 14:57:53,13.0,36.0,436.0,26.4,3656.0
2023-06-26 15:02:53,16.0,35.0,428.0,26.5,3656.0
2023-06-26 15:07:53,23.0,36.0,427.0,26.5,3659.0
2023-06-26 15:12:53,20.0,35.0,430.0,26.5,3659.0
2023-06-26 15:17:53,20.0,35.0,424.0,26.5,3656.0
2023-06-26 15:22:53,26.0,35.0,426.0,26.5,3656.0
2023-06-26 15:27:53,16.0,35.0,426.0,26.5,3656.0
2023-06-26 15:32:53,23.0,35.0,419.0,26.5,3656.0
2023-06-26 15:42:53,26.0,35.0,426.0,26.6,3656.0
2023-06-26 15:47:53,26.0,35.0,427.0,26.6,3656.0
2023-06-26 15:52:53,26.0,35.0,427.0,26.6,3659.0
2023-06-26 15:57:53,26.0,34.0,432.0,26.6,3656.0
2023-06-26 16:02:53,23.0,34.0,420.0,26.6,3656.0
2023-06-26 16:07:53,23.0,34.0,427.0,26.6,3659.0
2023-06-26 16:12:53,23.0,34.0,414.0,26.6,3656.0
2023-06-26 16:17:53,20.0,34.0,425.0,26.7,3656.0
2023-06-26 16:22:53,20.0,34.0,425.0,26.6,3656.0
2023-06-26 16:27:53,23.0,34.0,424.0,26.7,3659.0
2023-06-26 16:32:53,23.0,34.0,431.0,26.6,3656.0
2023-06-26 16:37:53,20.0,34.0,434.0,26.6,3656.0
2023-06-26 16:42:53,20.0,34.0,437.0,26.7,3656.0
2023-06-26 16:47:53,20.0,34.0,425.0,26.6,3656.0
2023-06-26 16:52:53,20.0,33.0,428.0,26.6,3659.0
2023-06-26 16:57:53,20.0,33.0,434.0,26.6,3659.0
2023-06-26 17:02:53,20.0,33.0,435.0,26.6,3656.0
2023-06-26 17:12:53,16.0,33.0,420.0,26.7,3656.0
2023-06-26 17:17:53,13.0,33.0,429.0,26.6,3656.0
2023-06-26 17:22:53,13.0,33.0,421.0,26.6,3656.0
2023-06-26 17:27:53,16.0,33.0,423.0,26.6,3656.0
2023-06-26 17:32:53,13.0,33.0,435.0,26.6,3656.0
2023-06-26 17:37:53,10.0,33.0,437.0,26.6,3656.0
2023-06-26 17:42:53,13.0,33.0,430.0,26.6,3656.0
2023-06-26 17:47:53,13.0,33.0,410.0,26.6,3656.0
2023-06-26 17:52:53,16.0,33.0,416.0,26.6,3656.0
2023-06-26 17:57:53,16.0,33.0,424.0,26.6,3659.0
2023-06-26 18:02:53,13.0,33.0,413.0,26.6,3656.0
2023-06-26 18:07:53,10.0,33.0,427.0,26.6,3656.0
2023-06-26 18:12:53,10.0,33.0,427.0,26.5,3656.0
2023-06-26 18:17:53,13.0,33.0,421.0,26.5,3659.0
2023-06-26 18:22:53,13.0,33.0,420.0,26.5,3656.0
2023-06-26 18:27:53,10.0,33.0,422.0,26.5,3659.0
2023-06-26 18:32:53,10.0,33.0,401.0,26.5,3659.0
2023-06-26 18:37:53,10.0,33.0,424.0,26.4,3656.0
2023-06-26 18:42:53,10.0,33.0,413.0,26.4,3656.0
2023-06-26 18:47:53,10.0,33.0,424.0,26.4,3656.0
2023-06-26 18:52:53,6.0,33.0,416.0,26.4,3656.0
2023-06-26 18:57:53,6.0,33.0,434.0,26.3,3656.0
2023-06-26 19:02:53,6.0,33.0,426.0,26.3,3659.0
2023-06-26 19:07:53,6.0,33.0,418.0,26.3,3659.0
2023-06-26 19:12:53,6.0,33.0,430.0,26.2,3659.0
2023-06-26 19:17:53,6.0,33.0,422.0,26.3,3659.0
2023-06-26 19:22:53,6.0,33.0,423.0,26.3,3659.0
2023-06-26 19:27:53,6.0,34.0,425.0,26.2,3659.0
2023-06-26 19:32:53,6.0,34.0,429.0,26.2,3656.0
2023-06-26 19:37:53,6.0,34.0,433.0,26.2,3656.0
2023-06-26 19:42:53,6.0,33.0,436.0,26.1,3656.0
2023-06-26 19:47:53,6.0,34.0,420.0,26.1,3659.0
2023-06-26 19:52:53,6.0,34.0,416.0,26.1,3656.0
2023-06-26 19:57:53,6.0,34.0,426.0,26.1,3659.0
2023-06-26 20:02:53,6.0,34.0,429.0,26.0,3656.0
2023-06-26 20:07:53,6.0,34.0,417.0,26.0,3659.0
2023-06-26 20:12:53,6.0,34.0,452.0,26.0,3656.0
2023-06-26 20:17:53,3.0,34.0,430.0,26.0,3656.0
2023-06-26 20:22:53,3.0,34.0,435.0,26.0,3656.0
2023-06-26 20:27:53,3.0,34.0,437.0,26.0,3659.0
2023-06-26 20:32:52,3.0,34.0,437.0,25.9,3656.0
2023-06-26 20:37:52,3.0,34.0,432.0,25.9,3656.0
2023-06-26 20:42:52,3.0,34.0,435.0,25.9,3659.0
2023-06-26 20:47:52,3.0,34.0,438.0,25.9,3659.0
2023-06-26 20:52:52,3.0,34.0,462.0,25.8,3659.0
2023-06-26 20:57:52,3.0,34.0,441.0,25.8,3659.0
2023-06-26 21:02:52,3.0,34.0,433.0,25.8,3659.0
2023-06-26 21:07:52,3.0,34.0,447.0,25.8,3659.0
2023-06-26 21:12:53,3.0,34.0,441.0,25.8,3656.0
2023-06-26 21:17:53,3.0,34.0,445.0,25.7,3659.0
2023-06-26 21:22:53,3.0,34.0,436.0,25.7,3656.0
2023-06-26 21:27:52,3.0,34.0,443.0,25.7,3661.0
2023-06-26 21:32:52,3.0,34.0,437.0,25.6,3656.0
2023-06-26 21:37:53,0.0,34.0,447.0,25.6,3656.0
2023-06-26 21:42:52,0.0,34.0,441.0,25.7,3659.0
2023-06-26 21:47:52,0.0,34.0,446.0,25.6,3659.0
2023-06-26 21:52:52,0.0,34.0,458.0,25.6,3659.0
2023-06-26 21:57:52,0.0,34.0,444.0,25.5,3659.0
2023-06-26 22:02:51,0.0,34.0,449.0,25.5,3656.0
2023-06-26 22:07:51,0.0,34.0,435.0,25.5,3659.0
2023-06-26 22:12:52,0.0,34.0,444.0,25.5,3659.0
2023-06-26 22:17:51,0.0,34.0,434.0,25.4,3656.0
2023-06-26 22:22:51,0.0,34.0,433.0,25.4,3656.0
2023-06-26 22:27:51,0.0,34.0,426.0,25.4,3656.0
2023-06-26 22:32:51,0.0,34.0,440.0,25.4,3659.0
2023-06-26 22:37:51,0.0,34.0,428.0,25.4,3659.0
2023-06-26 22:42:52,0.0,34.0,432.0,25.4,3659.0
2023-06-26 22:47:51,0.0,34.0,434.0,25.3,3659.0
2023-06-26 22:52:51,0.0,34.0,430.0,25.3,3659.0
2023-06-26 22:57:51,0.0,34.0,424.0,25.3,3656.0
2023-06-26 23:02:51,0.0,34.0,441.0,25.2,3659.0
2023-06-26 23:07:51,0.0,34.0,439.0,25.2,3659.0
2023-06-26 23:12:51,0.0,34.0,438.0,25.2,3656.0
2023-06-26 23:17:51,0.0,34.0,437.0,25.2,3656.0
2023-06-26 23:22:51,0.0,34.0,422.0,25.2,3659.0
2023-06-26 23:27:51,0.0,35.0,439.0,25.2,3659.0
2023-06-26 23:32:51,0.0,34.0,431.0,25.2,3659.0
2023-06-26 23:37:51,0.0,35.0,434.0,25.2,3659.0
2023-06-26 23:42:51,0.0,35.0,426.0,25.1,3656.0
2023-06-26 23:47:51,0.0,35.0,441.0,25.0,3659.0
2023-06-26 23:52:51,0.0,35.0,413.0,25.1,3659.0
2023-06-26 23:57:51,0.0,35.0,416.0,25.0,3659.0
2023-06-27 00:02:51,0.0,35.0,421.0,25.0,3659.0
2023-06-27 00:07:51,0.0,35.0,439.0,25.0,3659.0
2023-06-27 00:12:51,0.0,35.0,422.0,25.0,3659.0
2023-06-27 00:17:51,0.0,35.0,422.0,25.0,3659.0
2023-06-27 00:22:51,0.0,35.0,421.0,25.0,3659.0
2023-06-27 00:27:51,0.0,35.0,427.0,24.9,3656.0
2023-06-27 00:32:51,0.0,35.0,417.0,25.0,3656.0
2023-06-27 00:37:51,0.0,35.0,419.0,24.9,3659.0
2023-06-27 00:42:51,0.0,35.0,427.0,24.9,3659.0
2023-06-27 00:47:51,0.0,35.0,410.0,24.8,3661.0
2023-06-27 00:52:51,0.0,35.0,415.0,24.8,3656.0
2023-06-27 00:57:51,0.0,35.0,429.0,24.8,3661.0
2023-06-27 01:02:51,0.0,35.0,425.0,24.8,3656.0
2023-06-27 01:07:51,0.0,35.0,427.0,24.8,3659.0
2023-06-27 01:12:51,0.0,35.0,429.0,24.8,3659.0
2023-06-27 01:17:51,0.0,35.0,423.0,24.8,3659.0
2023-06-27 01:22:51,0.0,35.0,411.0,24.7,3659.0
2023-06-27 01:27:51,0.0,35.0,430.0,24.8,3659.0
2023-06-27 01:32:51,0.0,35.0,430.0,24.7,3659.0
2023-06-27 01:37:51,0.0,35.0,435.0,24.7,3659.0
2023-06-27 01:42:51,0.0,35.0,425.0,24.7,3659.0
2023-06-27 01:47:51,0.0,35.0,424.0,24.7,3659.0
2023-06-27 01:52:51,0.0,35.0,415.0,24.7,3659.0
2023-06-27 01:57:51,0.0,35.0,436.0,24.6,3661.0
2023-06-27 02:02:51,0.0,35.0,432.0,24.7,3656.0
2023-06-27 02:07:51,0.0,35.0,428.0,24.6,3659.0
2023-06-27 02:12:51,0.0,35.0,422.0,24.6,3659.0
2023-06-27 02:17:51,0.0,35.0,431.0,24.6,3659.0
2023-06-27 02:22:51,0.0,35.0,423.0,24.6,3659.0
2023-06-27 02:27:51,0.0,36.0,421.0,24.6,3659.0
2023-06-27 02:32:51,0.0,36.0,422.0,24.5,3656.0
2023-06-27 02:37:51,0.0,36.0,411.0,24.5,3659.0
2023-06-27 02:42:51,0.0,36.0,423.0,24.5,3659.0
2023-06-27 02:47:51,0.0,36.0,420.0,24.5,3661.0
2023-06-27 02:52:51,0.0,36.0,429.0,24.5,3659.0
2023-06-27 02:57:51,0.0,36.0,428.0,24.5,3659.0
2023-06-27 03:02:51,0.0,36.0,422.0,24.5,3659.0
2023-06-27 03:07:51,0.0,36.0,428.0,24.4,3661.0
2023-06-27 03:12:51,0.0,36.0,433.0,24.4,3659.0
2023-06-27 03:17:51,0.0,36.0,421.0,24.4,3659.0
2023-06-27 03:22:51,0.0,36.0,414.0,24.4,3659.0
2023-06-27 03:27:51,0.0,36.0,414.0,24.4,3659.0
2023-06-27 03:32:51,0.0,36.0,426.0,24.4,3659.0
2023-06-27 03:37:51,0.0,36.0,427.0,24.4,3656.0
2023-06-27 03:42:51,0.0,36.0,424.0,24.3,3659.0
2023-06-27 03:47:51,0.0,36.0,437.0,24.3,3659.0
2023-06-27 03:52:51,0.0,36.0,430.0,24.3,3659.0
2023-06-27 03:57:51,0.0,36.0,414.0,24.2,3659.0
2023-06-27 04:02:51,0.0,37.0,423.0,24.3,3661.0
2023-06-27 04:07:51,0.0,36.0,433.0,24.3,3659.0
2023-06-27 04:12:51,0.0,37.0,419.0,24.2,3661.0
2023-06-27 04:17:51,0.0,37.0,423.0,24.2,3659.0
2023-06-27 04:22:51,0.0,37.0,434.0,24.2,3659.0
2023-06-27 04:27:51,0.0,37.0,412.0,24.2,3661.0
2023-06-27 04:32:51,0.0,37.0,426.0,24.2,3659.0
2023-06-27 04:37:51,0.0,37.0,426.0,24.2,3659.0
2023-06-27 04:42:51,0.0,37.0,435.0,24.2,3659.0
2023-06-27 04:47:51,0.0,37.0,435.0,24.1,3656.0
2023-06-27 04:52:51,0.0,37.0,419.0,24.1,3659.0
2023-06-27 04:57:51,0.0,37.0,430.0,24.1,3659.0
2023-06-27 05:02:51,0.0,37.0,429.0,24.1,3656.0
2023-06-27 05:07:51,0.0,37.0,427.0,24.1,3659.0
2023-06-27 05:12:51,0.0,37.0,419.0,24.0,3659.0
2023-06-27 05:17:51,0.0,37.0,436.0,24.1,3659.0
2023-06-27 05:22:51,0.0,38.0,444.0,24.0,3661.0
2023-06-27 05:27:51,0.0,38.0,441.0,24.0,3659.0
2023-06-27 05:32:51,0.0,38.0,431.0,24.0,3659.0
2023-06-27 05:37:51,0.0,38.0,439.0,24.0,3659.0
2023-06-27 05:42:51,0.0,38.0,432.0,24.0,3659.0
2023-06-27 05:47:51,0.0,38.0,433.0,23.9,3659.0
2023-06-27 05:52:51,0.0,38.0,432.0,23.9,3661.0
2023-06-27 05:57:51,0.0,38.0,422.0,23.9,3659.0
2023-06-27 06:02:51,0.0,38.0,433.0,23.9,3659.0
2023-06-27 06:07:51,0.0,38.0,437.0,23.9,3659.0
2023-06-27 06:12:51,3.0,38.0,423.0,23.9,3659.0
2023-06-27 06:17:51,3.0,38.0,437.0,23.8,3659.0
2023-06-27 06:22:51,3.0,38.0,423.0,23.9,3656.0
2023-06-27 06:27:51,3.0,38.0,437.0,23.8,3659.0
2023-06-27 06:32:51,3.0,38.0,430.0,23.8,3661.0
2023-06-27 06:37:51,3.0,39.0,440.0,23.8,3659.0
2023-06-27 06:42:51,3.0,39.0,431.0,23.8,3659.0
2023-06-27 06:47:50,3.0,39.0,423.0,23.8,3656.0
2023-06-27 06:52:50,3.0,39.0,432.0,23.8,3661.0
2023-06-27 06:57:50,3.0,39.0,433.0,23.8,3659.0
2023-06-27 07:02:50,3.0,39.0,439.0,23.8,3661.0
2023-06-27 07:07:50,3.0,39.0,454.0,23.8,3661.0
2023-06-27 07:12:50,3.0,39.0,428.0,23.8,3659.0
2023-06-27 07:17:50,3.0,39.0,428.0,23.7,3659.0
2023-06-27 07:22:50,3.0,39.0,437.0,23.7,3659.0
2023-06-27 07:27:50,3.0,39.0,439.0,23.7,3656.0
2023-06-27 07:32:50,3.0,39.0,428.0,23.7,3659.0
2023-06-27 07:37:50,3.0,39.0,424.0,23.7,3659.0
2023-06-27 07:42:50,3.0,39.0,435.0,23.7,3659.0
2023-06-27 07:47:50,3.0,39.0,429.0,23.7,3659.0
2023-06-27 07:52:50,6.0,39.0,437.0,23.7,3659.0
2023-06-27 07:57:50,6.0,39.0,433.0,23.7,3659.0
2023-06-27 08:02:51,6.0,40.0,438.0,23.7,3661.0
2023-06-27 08:07:50,6.0,40.0,441.0,23.7,3656.0
2023-06-27 08:12:50,6.0,40.0,436.0,23.7,3661.0
2023-06-27 08:17:50,6.0,40.0,435.0,23.7,3659.0
2023-06-27 08:22:50,6.0,40.0,425.0,23.7,3661.0
2023-06-27 08:27:50,6.0,40.0,442.0,23.7,3659.0
2023-06-27 09:07:49,6.0,41.0,440.0,23.7,3659.0
2023-06-27 09:12:49,6.0,42.0,450.0,23.7,3659.0
2023-06-27 09:17:49,10.0,42.0,449.0,23.7,3661.0
2023-06-27 09:22:49,6.0,42.0,465.0,23.8,3659.0
2023-06-27 09:27:49,6.0,42.0,476.0,23.8,3659.0
2023-06-27 09:32:49,6.0,42.0,497.0,23.8,3659.0
2023-06-27 09:37:49,6.0,43.0,508.0,23.8,3659.0
2023-06-27 09:42:49,6.0,43.0,499.0,23.8,3659.0
2023-06-27 09:47:49,10.0,43.0,513.0,23.8,3659.0
2023-06-27 09:52:49,10.0,43.0,542.0,23.9,3661.0
2023-06-27 09:57:49,10.0,43.0,542.0,23.8,3659.0
2023-06-27 10:02:49,13.0,43.0,548.0,23.9,3659.0
2023-06-27 10:07:49,13.0,43.0,548.0,24.0,3661.0
2023-06-27 10:12:49,13.0,43.0,547.0,24.0,3659.0
2023-06-27 10:17:49,13.0,43.0,558.0,24.0,3659.0
2023-06-27 10:22:49,13.0,43.0,550.0,24.0,3659.0
2023-06-27 10:27:49,13.0,43.0,561.0,24.1,3659.0
2023-06-27 10:32:49,13.0,43.0,562.0,24.1,3659.0
2023-06-27 10:37:49,16.0,43.0,560.0,24.1,3659.0
2023-06-27 10:42:49,16.0,43.0,557.0,24.2,3659.0
2023-06-27 10:47:49,20.0,43.0,564.0,24.2,3659.0
2023-06-27 10:52:49,20.0,43.0,557.0,24.2,3659.0
2023-06-27 10:57:49,20.0,43.0,552.0,24.2,3659.0
2023-06-27 11:02:49,20.0,43.0,542.0,24.3,3656.0
2023-06-27 11:07:49,23.0,43.0,519.0,24.3,3659.0
2023-06-27 11:12:49,23.0,42.0,511.0,24.4,3659.0
2023-06-27 11:17:49,26.0,42.0,516.0,24.3,3659.0
2023-06-27 11:22:49,23.0,42.0,519.0,24.4,3659.0
2023-06-27 11:27:49,23.0,42.0,510.0,24.5,3659.0
2023-06-27 11:32:49,23.0,42.0,509.0,24.5,3659.0
2023-06-27 11:37:49,23.0,42.0,485.0,24.5,3656.0
2023-06-27 11:42:49,13.0,42.0,471.0,24.5,3659.0
2023-06-27 11:47:49,26.0,41.0,480.0,24.6,3656.0
2023-06-27 11:52:49,20.0,41.0,487.0,24.6,3659.0
2023-06-27 11:57:49,23.0,41.0,459.0,24.7,3659.0
2023-06-27 12:02:49,23.0,41.0,458.0,24.7,3659.0
2023-06-27 12:07:49,26.0,41.0,461.0,24.7,3656.0
2023-06-27 12:12:49,23.0,40.0,459.0,24.8,3659.0
2023-06-27 12:17:49,30.0,40.0,460.0,24.8,3659.0
2023-06-27 12:22:49,30.0,40.0,456.0,24.9,3656.0
2023-06-27 12:27:49,26.0,40.0,446.0,24.9,3656.0
2023-06-27 12:32:49,26.0,40.0,440.0,24.9,3656.0
2023-06-27 12:37:49,23.0,39.0,438.0,25.0,3656.0
2023-06-27 12:42:49,20.0,39.0,453.0,25.0,3659.0
2023-06-27 12:47:49,30.0,39.0,457.0,25.0,3656.0
2023-06-27 12:52:49,30.0,39.0,445.0,25.1,3659.0
2023-06-27 12:57:49,30.0,38.0,439.0,25.1,3656.0
2023-06-27 13:02:49,30.0,38.0,439.0,25.1,3656.0
2023-06-27 13:07:49,33.0,38.0,447.0,25.2,3656.0
2023-06-27 13:12:49,30.0,38.0,439.0,25.2,3656.0
2023-06-27 13:17:49,33.0,38.0,434.0,25.3,3659.0
2023-06-27 13:22:49,33.0,37.0,420.0,25.3,3656.0
2023-06-27 13:27:49,10.0,37.0,439.0,25.4,3659.0
2023-06-27 13:32:49,10.0,37.0,440.0,25.4,3656.0
2023-06-27 13:37:49,30.0,37.0,445.0,25.4,3659.0
2023-06-27 13:42:48,13.0,37.0,435.0,25.4,3656.0
2023-06-27 13:47:48,10.0,37.0,421.0,25.5,3659.0
2023-06-27 13:52:48,26.0,37.0,421.0,25.5,3656.0
2023-06-27 13:57:48,33.0,37.0,414.0,25.5,3659.0
2023-06-27 14:02:48,16.0,37.0,423.0,25.5,3656.0
2023-06-27 14:07:48,16.0,36.0,416.0,25.6,3659.0
2023-06-27 14:12:48,279.0,36.0,451.0,25.6,3656.0
2023-06-27 14:17:48,144.0,37.0,489.0,25.6,3659.0
2023-06-27 14:22:48,309.0,37.0,521.0,25.7,3656.0
2023-06-27 14:27:48,299.0,36.0,525.0,25.7,3659.0
2023-06-27 14:32:48,141.0,36.0,552.0,25.7,3656.0
2023-06-27 14:37:48,131.0,36.0,543.0,25.8,3656.0
2023-06-27 14:42:49,131.0,36.0,589.0,25.9,3659.0
2023-06-27 14:47:48,134.0,36.0,588.0,25.9,3656.0
2023-06-27 14:52:48,266.0,37.0,595.0,25.9,3659.0
2023-06-27 14:57:48,148.0,36.0,603.0,25.9,3656.0
2023-06-27 15:02:48,144.0,36.0,642.0,26.0,3656.0
2023-06-27 15:07:48,266.0,36.0,617.0,26.0,3659.0
2023-06-27 15:12:48,266.0,36.0,646.0,26.0,3656.0
2023-06-27 15:17:48,266.0,36.0,639.0,26.0,3656.0
2023-11-24 08:19:10,3.0,43.0,449.0,22.2,3.6510000000000002
2023-11-24 08:24:10,6.0,43.0,429.0,22.1,3.6510000000000002
2023-11-24 08:29:11,6.0,43.0,442.0,22.1,3.6510000000000002
2023-11-24 08:34:10,6.0,42.0,438.0,22.2,3.6510000000000002
2023-11-24 08:39:11,6.0,42.0,444.0,22.1,3.6510000000000002
2023-11-24 08:44:10,10.0,42.0,434.0,22.1,3.6510000000000002
2023-12-09 12:23:15,33.0,39.0,450.0,23.2,3.6510000000000002
2023-12-09 12:28:15,20.0,39.0,440.0,23.2,3.6510000000000002
2023-12-09 12:38:15,20.0,39.0,437.0,23.2,3.6510000000000002
2023-12-09 12:43:15,20.0,39.0,459.0,23.2,3.6510000000000002
2023-12-09 12:48:15,20.0,40.0,437.0,23.2,3.6510000000000002
2023-12-09 12:53:15,20.0,40.0,436.0,23.2,3.6510000000000002
2023-12-09 12:58:15,20.0,40.0,443.0,23.2,3.6510000000000002
2023-12-09 13:03:15,23.0,40.0,442.0,23.3,3.6510000000000002
2023-12-09 13:08:15,23.0,40.0,433.0,23.2,3.6510000000000002
2023-12-09 13:13:15,33.0,40.0,430.0,23.2,3.6510000000000002
2023-12-09 13:18:15,30.0,40.0,419.0,23.2,3.6510000000000002
2023-12-09 13:23:15,20.0,40.0,436.0,23.2,3.6510000000000002
2023-12-09 13:28:15,26.0,40.0,433.0,23.2,3.6510000000000002
2023-12-09 13:33:15,26.0,40.0,454.0,23.2,3.6510000000000002
2023-12-09 13:38:15,30.0,40.0,428.0,23.2,3.6510000000000002
2023-12-09 13:43:15,16.0,40.0,432.0,23.2,3.6510000000000002
2023-12-09 13:48:15,13.0,40.0,434.0,23.2,3.6510000000000002
2023-12-09 13:53:15,16.0,40.0,423.0,23.2,3.6510000000000002
2023-12-09 13:58:15,13.0,40.0,421.0,23.2,3.6510000000000002
2023-12-09 14:03:15,13.0,40.0,428.0,23.3,3.6510000000000002
2023-12-09 14:08:15,20.0,40.0,424.0,23.2,3.6510000000000002
2023-12-09 14:13:15,30.0,41.0,428.0,23.3,3.6510000000000002
2023-12-09 14:18:15,20.0,41.0,423.0,23.2,3.6510000000000002
2023-12-09 14:23:15,16.0,41.0,427.0,23.2,3.6510000000000002
2023-12-09 14:28:15,16.0,41.0,416.0,23.2,3.6510000000000002
2023-12-09 14:33:15,20.0,41.0,413.0,23.2,3.6510000000000002
2023-12-09 14:38:15,16.0,41.0,420.0,23.2,3.6510000000000002
2023-12-09 14:43:15,16.0,41.0,422.0,23.2,3.6510000000000002
2023-12-09 14:48:15,16.0,41.0,416.0,23.3,3.6510000000000002
2023-12-09 14:53:15,16.0,41.0,422.0,23.2,3.6510000000000002
2023-12-09 14:58:15,16.0,41.0,421.0,23.2,3.6510000000000002
2023-12-09 15:03:15,10.0,41.0,421.0,23.3,3.6510000000000002
2023-12-09 15:08:15,16.0,41.0,428.0,23.3,3.6510000000000002
2023-12-09 15:13:15,10.0,41.0,423.0,23.2,3.6510000000000002
2023-12-09 15:18:15,10.0,42.0,463.0,23.2,3.6510000000000002
2023-12-09 15:23:15,20.0,42.0,470.0,23.2,3.6510000000000002
2023-12-09 15:28:15,20.0,42.0,488.0,23.3,3.6510000000000002
2023-12-09 15:33:15,16.0,42.0,488.0,23.3,3.6510000000000002
2023-12-09 15:38:15,16.0,42.0,515.0,23.3,3.6510000000000002
2023-12-09 15:43:15,13.0,42.0,530.0,23.3,3.6510000000000002
2023-12-09 15:48:15,10.0,43.0,528.0,23.3,3.6510000000000002
2023-12-09 15:53:15,3.0,43.0,566.0,23.3,3.6510000000000002
2023-12-09 15:58:15,10.0,43.0,598.0,23.3,3.6510000000000002
2023-12-09 16:03:15,6.0,43.0,627.0,23.4,3.6510000000000002
2023-12-09 16:08:15,16.0,43.0,646.0,23.4,3.6510000000000002
2023-12-09 16:13:15,20.0,43.0,657.0,23.5,3.6510000000000002
2023-12-09 16:18:15,16.0,44.0,670.0,23.4,3.6510000000000002
2023-12-09 16:23:15,16.0,44.0,667.0,23.4,3.6510000000000002
2023-12-09 16:28:15,16.0,44.0,674.0,23.5,3.6510000000000002
2023-12-09 16:33:15,16.0,44.0,692.0,23.5,3.6510000000000002
2023-12-09 16:38:15,16.0,44.0,667.0,23.5,3.6510000000000002
2023-12-09 16:43:15,0.0,44.0,693.0,23.5,3.6510000000000002
2023-12-09 16:48:15,0.0,44.0,703.0,23.5,3.6510000000000002
2023-12-09 16:53:15,3.0,45.0,684.0,23.5,3.6510000000000002
2023-12-09 16:58:15,0.0,45.0,692.0,23.5,3.6510000000000002
2023-12-09 17:03:15,0.0,45.0,670.0,23.5,3.6510000000000002
2023-12-09 17:08:15,0.0,45.0,669.0,23.5,3.6510000000000002
2023-12-09 17:13:15,0.0,45.0,652.0,23.5,3.6510000000000002
2023-12-09 17:18:15,0.0,45.0,637.0,23.5,3.6510000000000002
2023-12-09 17:23:15,0.0,45.0,632.0,23.5,3.6510000000000002
2023-12-09 17:28:15,0.0,45.0,630.0,23.5,3.6510000000000002
2023-12-09 17:33:15,0.0,45.0,624.0,23.5,3.6510000000000002
2023-12-09 17:38:14,0.0,45.0,601.0,23.5,3.6510000000000002
2023-12-09 17:43:14,154.0,45.0,596.0,23.5,3.6510000000000002
2023-12-09 17:48:14,0.0,45.0,551.0,23.5,3.653
2023-12-09 17:53:14,0.0,44.0,510.0,23.4,3.6510000000000002
2023-12-09 17:58:15,0.0,44.0,485.0,23.4,3.6510000000000002
2023-12-09 18:03:14,0.0,44.0,464.0,23.4,3.6510000000000002
2023-12-09 18:08:14,0.0,44.0,459.0,23.4,3.6510000000000002
2023-12-09 18:13:14,0.0,43.0,445.0,23.3,3.6510000000000002
2023-12-09 18:18:14,0.0,43.0,452.0,23.3,3.6510000000000002
2023-12-09 18:23:14,0.0,42.0,429.0,23.3,3.6510000000000002
2023-12-09 18:28:14,0.0,42.0,430.0,23.3,3.653
2023-12-09 18:33:14,0.0,42.0,431.0,23.3,3.6510000000000002
2023-12-09 18:38:14,0.0,42.0,427.0,23.2,3.6510000000000002
2023-12-09 18:43:14,0.0,42.0,423.0,23.2,3.6510000000000002
2023-12-09 18:48:14,0.0,41.0,412.0,23.2,3.6510000000000002
2023-12-09 18:53:14,0.0,41.0,401.0,23.2,3.6510000000000002
2023-12-09 18:58:14,0.0,41.0,400.0,23.2,3.6510000000000002
2023-12-09 19:03:14,0.0,41.0,400.0,23.1,3.6510000000000002
2023-12-09 19:08:14,0.0,41.0,410.0,23.1,3.6510000000000002
2023-12-09 19:13:14,0.0,40.0,405.0,23.1,3.6510000000000002
2023-12-09 19:18:14,0.0,40.0,398.0,23.1,3.6510000000000002
2023-12-09 19:23:14,0.0,40.0,394.0,23.1,3.6510000000000002
2023-12-09 19:28:14,0.0,40.0,389.0,23.1,3.653
2023-12-09 19:33:14,0.0,40.0,396.0,23.1,3.6510000000000002
2023-12-09 19:38:14,0.0,40.0,397.0,23.1,3.6510000000000002
2023-12-09 19:43:14,0.0,40.0,394.0,23.0,3.6510000000000002
2023-12-09 19:48:14,0.0,39.0,396.0,23.0,3.6510000000000002
2023-12-09 19:53:14,0.0,39.0,422.0,23.0,3.6510000000000002
2023-12-09 19:58:14,0.0,39.0,397.0,23.1,3.6510000000000002
2023-12-09 20:03:14,0.0,39.0,386.0,23.0,3.6510000000000002
2023-12-09 20:08:14,0.0,39.0,397.0,23.0,3.6510000000000002
2023-12-09 20:13:14,0.0,39.0,391.0,23.0,3.6510000000000002
2023-12-09 20:18:14,0.0,39.0,412.0,23.0,3.6510000000000002
2023-12-09 20:23:14,0.0,39.0,399.0,22.9,3.6510000000000002
2023-12-09 20:28:14,0.0,39.0,399.0,22.9,3.6510000000000002
2023-12-09 20:33:14,0.0,39.0,406.0,22.9,3.6510000000000002
2023-12-09 20:38:14,0.0,39.0,407.0,22.9,3.6510000000000002
2023-12-09 20:43:14,0.0,39.0,409.0,22.9,3.6510000000000002
2023-12-09 20:48:14,0.0,39.0,401.0,22.9,3.6510000000000002
2023-12-09 20:53:14,0.0,39.0,396.0,22.9,3.6510000000000002
2023-12-09 20:58:14,0.0,39.0,398.0,22.9,3.6510000000000002
2023-12-09 21:03:14,0.0,39.0,406.0,22.9,3.6510000000000002
2023-12-09 21:08:14,0.0,38.0,400.0,22.8,3.6510000000000002
2023-12-09 21:13:14,0.0,38.0,405.0,22.8,3.6510000000000002
2023-12-09 21:18:14,0.0,38.0,393.0,22.9,3.6510000000000002
2023-12-09 21:23:14,0.0,38.0,396.0,22.8,3.6510000000000002
2023-12-09 21:28:14,0.0,38.0,410.0,22.8,3.6510000000000002
2023-12-09 21:33:14,0.0,38.0,397.0,22.8,3.653
2023-12-09 21:38:14,0.0,38.0,394.0,22.8,3.653
2023-12-09 21:43:14,0.0,38.0,403.0,22.8,3.6510000000000002
2023-12-09 21:48:14,0.0,38.0,401.0,22.8,3.6510000000000002
2023-12-09 21:53:14,0.0,38.0,410.0,22.8,3.6510000000000002
2023-12-09 21:58:14,0.0,38.0,398.0,22.8,3.6510000000000002
2023-12-09 22:03:14,0.0,38.0,395.0,22.7,3.6510000000000002
2023-12-09 22:08:14,0.0,38.0,385.0,22.8,3.6510000000000002
2023-12-09 22:13:14,0.0,38.0,399.0,22.8,3.6510000000000002
2023-12-09 22:18:14,0.0,37.0,406.0,22.7,3.6510000000000002
2023-12-09 22:23:14,0.0,37.0,403.0,22.7,3.6510000000000002
2023-12-09 22:28:14,0.0,37.0,399.0,22.7,3.6510000000000002
2023-12-09 22:33:14,0.0,37.0,398.0,22.7,3.6510000000000002
2023-12-09 22:38:14,0.0,37.0,410.0,22.7,3.6510000000000002
2023-12-09 22:43:14,0.0,37.0,410.0,22.7,3.6510000000000002
2023-12-09 22:48:14,0.0,37.0,398.0,22.7,3.6510000000000002
2023-12-09 22:53:14,0.0,37.0,388.0,22.7,3.653
2023-12-09 22:58:14,0.0,37.0,404.0,22.7,3.6510000000000002
2023-12-09 23:03:14,0.0,37.0,415.0,22.7,3.6510000000000002
2023-12-09 23:08:14,0.0,37.0,393.0,22.7,3.6510000000000002
2023-12-09 23:13:14,0.0,37.0,397.0,22.7,3.6510000000000002
2023-12-09 23:18:14,0.0,37.0,403.0,22.7,3.6510000000000002
2023-12-09 23:23:14,0.0,37.0,408.0,22.6,3.6510000000000002
2023-12-09 23:28:14,0.0,37.0,393.0,22.6,3.6510000000000002
2023-12-09 23:33:14,0.0,37.0,398.0,22.6,3.6510000000000002
2023-12-09 23:38:14,0.0,37.0,395.0,22.7,3.653
2023-12-09 23:43:14,0.0,37.0,406.0,22.7,3.6510000000000002
2023-12-09 23:48:14,0.0,37.0,393.0,22.7,3.6510000000000002
2023-12-09 23:53:14,0.0,37.0,402.0,22.7,3.6510000000000002
2023-12-09 23:58:14,0.0,37.0,409.0,22.6,3.6510000000000002
2023-12-10 00:03:14,0.0,37.0,398.0,22.6,3.6510000000000002
2023-12-10 00:08:14,0.0,37.0,410.0,22.6,3.6510000000000002
2023-12-10 00:13:14,0.0,37.0,405.0,22.6,3.6510000000000002
2023-12-10 00:18:14,0.0,37.0,401.0,22.6,3.6510000000000002
2023-12-10 00:23:14,0.0,37.0,395.0,22.6,3.6510000000000002
2023-12-10 00:28:14,0.0,37.0,403.0,22.7,3.6510000000000002
2023-12-10 00:33:14,0.0,37.0,403.0,22.6,3.6510000000000002
2023-12-10 00:38:14,0.0,37.0,398.0,22.6,3.6510000000000002
2023-12-10 00:43:14,0.0,37.0,392.0,22.6,3.6510000000000002
2023-12-10 00:48:14,0.0,37.0,392.0,22.6,3.6510000000000002
2023-12-10 00:53:14,0.0,37.0,398.0,22.6,3.6510000000000002
2023-12-10 00:58:14,0.0,37.0,395.0,22.6,3.6510000000000002
2023-12-10 01:03:14,0.0,37.0,396.0,22.6,3.6510000000000002
2023-12-10 01:08:14,0.0,37.0,399.0,22.6,3.6510000000000002
2023-12-10 01:13:14,0.0,37.0,408.0,22.5,3.6510000000000002
2023-12-10 01:18:14,0.0,37.0,398.0,22.6,3.6510000000000002
2023-12-10 01:23:14,0.0,37.0,414.0,22.5,3.6510000000000002
2023-12-10 01:28:14,0.0,37.0,397.0,22.5,3.6510000000000002
2023-12-10 01:33:14,0.0,37.0,402.0,22.6,3.6510000000000002
2023-12-10 01:38:14,0.0,37.0,401.0,22.6,3.6510000000000002
2023-12-10 01:43:14,0.0,37.0,396.0,22.6,3.6510000000000002
2023-12-10 01:48:13,0.0,37.0,401.0,22.6,3.6510000000000002
2023-12-10 01:53:13,0.0,37.0,394.0,22.6,3.6510000000000002
2023-12-10 01:58:14,0.0,37.0,390.0,22.5,3.6510000000000002
2023-12-10 02:03:13,0.0,37.0,401.0,22.5,3.6510000000000002
2023-12-10 02:08:13,0.0,37.0,410.0,22.5,3.6510000000000002
2023-12-10 02:13:13,0.0,37.0,413.0,22.5,3.653
2023-12-10 02:18:13,0.0,37.0,412.0,22.5,3.6510000000000002
2023-12-10 02:23:13,0.0,37.0,394.0,22.6,3.6510000000000002
2023-12-10 02:28:13,0.0,37.0,400.0,22.6,3.6510000000000002
2023-12-10 02:33:13,0.0,37.0,403.0,22.5,3.6510000000000002
2023-12-10 02:38:13,0.0,37.0,404.0,22.5,3.6510000000000002
2023-12-10 02:43:13,0.0,37.0,398.0,22.5,3.6510000000000002
2023-12-10 02:48:13,0.0,37.0,402.0,22.5,3.6510000000000002
2023-12-10 02:53:13,0.0,37.0,402.0,22.5,3.6510000000000002
2023-12-10 02:58:13,0.0,37.0,392.0,22.5,3.6510000000000002
2023-12-10 03:03:13,0.0,37.0,407.0,22.5,3.6510000000000002
2023-12-10 03:08:13,0.0,37.0,397.0,22.5,3.6510000000000002
2023-12-10 03:13:13,0.0,37.0,394.0,22.5,3.6510000000000002
2023-12-10 03:18:13,0.0,37.0,404.0,22.5,3.6510000000000002
2023-12-10 03:23:13,0.0,37.0,398.0,22.5,3.6510000000000002
2023-12-10 03:28:13,0.0,37.0,397.0,22.5,3.653
2023-12-10 03:33:13,0.0,37.0,392.0,22.5,3.6510000000000002
2023-12-10 03:38:13,0.0,37.0,392.0,22.5,3.6510000000000002
2023-12-10 03:43:13,0.0,37.0,403.0,22.5,3.6510000000000002
2023-12-10 03:48:13,0.0,37.0,398.0,22.5,3.6510000000000002
2023-12-10 03:53:13,0.0,37.0,410.0,22.5,3.6510000000000002
2023-12-10 03:58:13,0.0,37.0,384.0,22.4,3.653
2023-12-10 04:03:13,0.0,37.0,400.0,22.5,3.6510000000000002
2023-12-10 04:08:13,0.0,37.0,405.0,22.5,3.653
2023-12-10 04:13:13,0.0,37.0,404.0,22.5,3.6510000000000002
2023-12-10 04:18:13,0.0,37.0,410.0,22.5,3.6510000000000002
2023-12-10 04:23:13,0.0,37.0,404.0,22.5,3.6510000000000002
2023-12-10 04:28:13,0.0,37.0,393.0,22.5,3.6510000000000002
2023-12-10 04:33:13,0.0,37.0,402.0,22.5,3.6510000000000002
2023-12-10 04:38:13,0.0,37.0,403.0,22.5,3.6510000000000002
2023-12-10 04:43:13,0.0,37.0,400.0,22.4,3.6510000000000002
2023-12-10 04:48:13,0.0,37.0,398.0,22.5,3.6510000000000002
2023-12-10 04:53:13,0.0,37.0,400.0,22.5,3.6510000000000002
2023-12-10 04:58:13,0.0,37.0,408.0,22.4,3.6510000000000002
2023-12-10 05:03:13,0.0,37.0,387.0,22.5,3.6510000000000002
2023-12-10 05:08:13,0.0,37.0,397.0,22.4,3.6510000000000002
2023-12-10 05:13:13,0.0,37.0,409.0,22.4,3.6510000000000002
2023-12-10 05:18:13,0.0,37.0,400.0,22.4,3.6510000000000002
2023-12-10 05:23:13,0.0,37.0,410.0,22.5,3.653
2023-12-10 05:28:13,0.0,37.0,395.0,22.4,3.6510000000000002
2023-12-10 05:33:13,0.0,37.0,398.0,22.4,3.6510000000000002
2023-12-10 05:38:13,0.0,37.0,392.0,22.4,3.6510000000000002
2023-12-10 05:43:13,0.0,37.0,404.0,22.4,3.6510000000000002
2023-12-10 05:48:13,0.0,37.0,401.0,22.4,3.6510000000000002
2023-12-10 05:53:13,0.0,37.0,403.0,22.4,3.6510000000000002
2023-12-10 05:58:13,0.0,37.0,404.0,22.4,3.6510000000000002
2023-12-10 06:03:13,0.0,37.0,402.0,22.5,3.6510000000000002
2023-12-10 06:08:13,0.0,37.0,407.0,22.4,3.6510000000000002
2023-12-10 06:13:13,0.0,37.0,402.0,22.4,3.6510000000000002
2023-12-10 06:18:13,0.0,37.0,403.0,22.4,3.6510000000000002
2023-12-10 06:23:13,0.0,37.0,413.0,22.4,3.6510000000000002
2023-12-10 06:28:13,0.0,37.0,395.0,22.4,3.653
2023-12-10 06:33:13,0.0,37.0,408.0,22.5,3.6510000000000002
2023-12-10 06:38:13,0.0,37.0,404.0,22.4,3.6510000000000002
2023-12-10 06:43:13,0.0,37.0,400.0,22.4,3.6510000000000002
2023-12-10 06:48:13,0.0,37.0,401.0,22.4,3.6510000000000002
2023-12-10 06:53:13,0.0,37.0,401.0,22.4,3.653
2023-12-10 06:58:13,0.0,37.0,389.0,22.4,3.6510000000000002
2023-12-10 07:03:13,0.0,37.0,408.0,22.4,3.6510000000000002
2023-12-10 07:08:13,0.0,37.0,411.0,22.4,3.6510000000000002
2023-12-10 07:13:13,0.0,37.0,397.0,22.4,3.653
2023-12-10 07:18:13,0.0,37.0,407.0,22.4,3.6510000000000002
2023-12-10 07:23:13,0.0,37.0,393.0,22.4,3.653
2023-12-10 07:28:13,0.0,37.0,400.0,22.4,3.6510000000000002
2023-12-10 07:33:13,0.0,37.0,407.0,22.4,3.6510000000000002
2023-12-10 07:38:13,0.0,37.0,398.0,22.4,3.6510000000000002
2023-12-10 07:43:13,0.0,37.0,410.0,22.4,3.6510000000000002
2023-12-10 07:48:13,0.0,37.0,400.0,22.4,3.6510000000000002
2023-12-10 07:53:13,0.0,37.0,405.0,22.4,3.6510000000000002
2023-12-10 07:58:13,0.0,37.0,408.0,22.4,3.6510000000000002
2023-12-10 08:03:13,0.0,37.0,409.0,22.4,3.6510000000000002
2023-12-10 08:08:13,0.0,37.0,400.0,22.4,3.6510000000000002
2023-12-10 08:13:13,0.0,37.0,398.0,22.4,3.6510000000000002
2023-12-10 08:18:13,0.0,37.0,394.0,22.4,3.6510000000000002
2023-12-10 08:23:13,3.0,37.0,406.0,22.4,3.6510000000000002
2023-12-10 08:28:13,3.0,37.0,401.0,22.4,3.6510000000000002
2023-12-10 08:33:13,3.0,37.0,403.0,22.4,3.6510000000000002
2023-12-10 08:38:13,3.0,37.0,396.0,22.4,3.6510000000000002
2023-12-10 08:43:13,6.0,37.0,418.0,22.4,3.6510000000000002
2023-12-10 08:48:13,6.0,37.0,407.0,22.4,3.6510000000000002
2023-12-10 08:53:13,6.0,37.0,409.0,22.4,3.6510000000000002
2023-12-10 08:58:13,10.0,37.0,401.0,22.4,3.6510000000000002
2023-12-10 09:03:13,10.0,37.0,410.0,22.4,3.6510000000000002
2023-12-10 09:08:13,10.0,37.0,405.0,22.4,3.6510000000000002
2023-12-10 09:13:13,10.0,37.0,393.0,22.4,3.6510000000000002
2023-12-10 09:18:13,13.0,37.0,412.0,22.4,3.6510000000000002
2023-12-10 09:23:13,16.0,38.0,403.0,22.4,3.6510000000000002
2023-12-10 09:28:13,16.0,37.0,401.0,22.4,3.6510000000000002
2023-12-10 09:33:13,20.0,38.0,409.0,22.4,3.6510000000000002
2023-12-10 09:38:13,23.0,38.0,404.0,22.4,3.6510000000000002
2023-12-10 09:43:13,26.0,38.0,409.0,22.4,3.6510000000000002
2023-12-10 09:48:13,23.0,37.0,404.0,22.3,3.6510000000000002
2023-12-10 09:53:13,26.0,38.0,405.0,22.4,3.6510000000000002
2023-12-10 09:58:13,33.0,38.0,395.0,22.4,3.6510000000000002
2023-12-10 10:03:13,33.0,38.0,405.0,22.4,3.653
2023-12-10 10:08:13,37.0,38.0,409.0,22.4,3.6510000000000002
2023-12-10 10:13:13,40.0,38.0,394.0,22.4,3.6510000000000002
2023-12-10 10:18:12,43.0,38.0,402.0,22.4,3.6510000000000002
2023-12-10 10:23:12,50.0,38.0,399.0,22.4,3.6510000000000002
2023-12-10 10:28:12,53.0,38.0,411.0,22.4,3.6510000000000002
2023-12-10 10:33:12,57.0,38.0,402.0,22.4,3.6510000000000002
2023-12-10 10:38:12,57.0,38.0,403.0,22.4,3.6510000000000002
2023-12-10 10:43:12,60.0,38.0,396.0,22.4,3.6510000000000002
2023-12-10 10:48:12,63.0,38.0,405.0,22.4,3.6510000000000002
2023-12-10 10:53:12,67.0,38.0,413.0,22.4,3.6510000000000002
2023-12-10 10:58:12,70.0,38.0,392.0,22.5,3.6510000000000002
2023-12-10 11:03:12,60.0,38.0,405.0,22.4,3.653
2023-12-10 11:08:12,77.0,38.0,399.0,22.4,3.6510000000000002
2023-12-10 11:13:12,70.0,38.0,397.0,22.4,3.6510000000000002
2023-12-10 11:18:13,63.0,38.0,394.0,22.4,3.6510000000000002
2023-12-10 11:23:12,57.0,38.0,408.0,22.4,3.6510000000000002
2023-12-10 11:28:12,60.0,38.0,409.0,22.4,3.6510000000000002
2023-12-10 11:33:12,63.0,38.0,388.0,22.5,3.6510000000000002
2023-12-10 11:38:12,57.0,38.0,388.0,22.5,3.6510000000000002
2023-12-10 11:43:12,60.0,38.0,413.0,22.4,3.6510000000000002
2023-12-10 11:48:12,63.0,38.0,405.0,22.4,3.6510000000000002
2023-12-10 11:53:12,63.0,38.0,404.0,22.4,3.6510000000000002
2023-12-10 11:58:12,60.0,38.0,389.0,22.4,3.6510000000000002
2023-12-10 12:03:12,80.0,38.0,408.0,22.4,3.6510000000000002
2023-12-10 12:08:12,94.0,38.0,413.0,22.5,3.6510000000000002
2023-12-10 12:13:12,84.0,38.0,398.0,22.5,3.6510000000000002
2023-12-10 12:18:12,107.0,38.0,395.0,22.5,3.6510000000000002
2023-12-10 12:23:12,107.0,38.0,399.0,22.5,3.6510000000000002
2023-12-10 12:28:12,90.0,38.0,399.0,22.5,3.6510000000000002
2023-12-10 12:33:12,77.0,38.0,394.0,22.5,3.6510000000000002
2023-12-10 12:38:12,121.0,38.0,404.0,22.5,3.6510000000000002
2023-12-10 12:43:12,97.0,38.0,402.0,22.5,3.6510000000000002
2023-12-10 12:48:12,97.0,38.0,412.0,22.5,3.653
2023-12-10 12:53:12,111.0,38.0,407.0,22.6,3.6510000000000002
2023-12-10 12:58:12,104.0,38.0,400.0,22.5,3.6510000000000002
2023-12-10 13:03:12,87.0,38.0,402.0,22.5,3.6510000000000002
2023-12-10 13:08:12,77.0,38.0,402.0,22.6,3.6510000000000002
2023-12-10 13:13:12,57.0,38.0,399.0,22.5,3.6510000000000002
2023-12-10 13:18:12,50.0,38.0,402.0,22.6,3.6510000000000002
2023-12-10 13:23:12,50.0,38.0,403.0,22.6,3.6510000000000002
2023-12-10 13:28:12,53.0,38.0,391.0,22.6,3.6510000000000002
2023-12-10 13:33:12,37.0,38.0,395.0,22.6,3.6510000000000002
2023-12-10 13:38:12,40.0,38.0,397.0,22.6,3.6510000000000002
2023-12-10 13:43:12,33.0,38.0,401.0,22.6,3.6510000000000002
2023-12-10 13:48:12,20.0,38.0,386.0,22.6,3.6510000000000002
2023-12-10 13:53:12,30.0,38.0,393.0,22.6,3.6510000000000002
2023-12-10 13:58:12,37.0,38.0,391.0,22.6,3.6510000000000002
2023-12-10 14:03:12,37.0,38.0,397.0,22.6,3.6510000000000002
2023-12-10 14:08:12,33.0,38.0,402.0,22.6,3.6510000000000002
2023-12-10 14:13:12,33.0,38.0,394.0,22.6,3.6510000000000002
2023-12-10 14:18:12,30.0,38.0,391.0,22.6,3.6510000000000002
2023-12-10 14:23:12,37.0,39.0,403.0,22.6,3.6510000000000002
2023-12-10 14:28:12,37.0,39.0,414.0,22.6,3.6510000000000002
2023-12-10 14:33:12,33.0,39.0,397.0,22.6,3.6510000000000002
2023-12-10 14:38:12,33.0,39.0,399.0,22.5,3.6510000000000002
2023-12-10 14:43:12,30.0,39.0,387.0,22.6,3.6510000000000002
2023-12-10 14:48:12,30.0,39.0,394.0,22.6,3.6510000000000002
2023-12-10 14:53:12,26.0,39.0,398.0,22.5,3.6510000000000002
2023-12-10 14:58:12,13.0,39.0,393.0,22.6,3.6510000000000002
2023-12-10 15:03:12,16.0,39.0,393.0,22.6,3.6510000000000002
2023-12-10 15:08:12,20.0,39.0,408.0,22.5,3.6510000000000002
2023-12-10 15:13:12,20.0,39.0,389.0,22.6,3.6510000000000002
2023-12-10 15:18:12,20.0,39.0,398.0,22.6,3.6510000000000002
2023-12-10 15:23:12,16.0,39.0,389.0,22.6,3.6510000000000002
2023-12-10 15:28:12,16.0,39.0,393.0,22.5,3.6510000000000002
2023-12-10 15:33:12,13.0,39.0,389.0,22.5,3.6510000000000002
2023-12-10 15:38:12,13.0,39.0,391.0,22.5,3.6510000000000002
2023-12-10 15:43:12,13.0,40.0,387.0,22.6,3.6510000000000002
2023-12-10 15:48:12,13.0,40.0,400.0,22.5,3.6510000000000002
2023-12-10 15:53:12,10.0,40.0,396.0,22.5,3.6510000000000002
2023-12-10 15:58:12,10.0,40.0,398.0,22.5,3.6510000000000002
2023-12-10 16:03:12,6.0,40.0,390.0,22.5,3.6510000000000002
2023-12-10 16:08:12,10.0,40.0,396.0,22.6,3.6510000000000002
2023-12-10 16:13:12,6.0,40.0,398.0,22.5,3.6510000000000002
2023-12-10 16:18:12,6.0,40.0,383.0,22.5,3.653
2023-12-10 16:23:12,6.0,40.0,382.0,22.5,3.6510000000000002
2023-12-10 16:28:12,3.0,40.0,386.0,22.5,3.6510000000000002
2023-12-10 16:33:12,3.0,40.0,396.0,22.5,3.6510000000000002
2023-12-10 16:38:12,3.0,40.0,394.0,22.5,3.6510000000000002
2023-12-10 16:43:12,3.0,40.0,410.0,22.5,3.6510000000000002
2023-12-10 16:48:12,3.0,41.0,395.0,22.4,3.6510000000000002
2023-12-10 16:53:12,0.0,41.0,398.0,22.5,3.6510000000000002
2023-12-10 16:58:12,0.0,41.0,400.0,22.4,3.6510000000000002
2023-12-10 17:03:12,0.0,41.0,392.0,22.5,3.6510000000000002
2023-12-10 17:08:12,0.0,41.0,402.0,22.4,3.6510000000000002
2023-12-10 17:13:12,0.0,41.0,404.0,22.4,3.6510000000000002
2023-12-10 17:18:12,0.0,41.0,395.0,22.5,3.6510000000000002
2023-12-10 17:23:12,0.0,41.0,383.0,22.4,3.6510000000000002
2023-12-10 17:28:12,0.0,41.0,397.0,22.4,3.6510000000000002
2023-12-10 17:33:12,0.0,41.0,408.0,22.5,3.648
2023-12-10 17:38:12,0.0,42.0,392.0,22.4,3.648
2023-12-10 17:43:12,0.0,42.0,391.0,22.4,3.6510000000000002
2023-12-10 17:48:12,0.0,42.0,391.0,22.4,3.6510000000000002
2023-12-10 17:53:12,0.0,42.0,388.0,22.4,3.6510000000000002
2023-12-10 17:58:12,0.0,42.0,397.0,22.4,3.6510000000000002
2023-12-10 18:03:12,0.0,42.0,395.0,22.4,3.6510000000000002
2023-12-10 18:08:12,0.0,42.0,408.0,22.4,3.6510000000000002
2023-12-10 18:13:12,0.0,43.0,391.0,22.4,3.6510000000000002
2023-12-10 18:18:12,0.0,43.0,389.0,22.4,3.6510000000000002
2023-12-10 18:23:12,0.0,43.0,385.0,22.4,3.6510000000000002
2023-12-10 18:28:12,0.0,43.0,396.0,22.4,3.6510000000000002
2023-12-10 18:33:12,0.0,43.0,394.0,22.4,3.6510000000000002
2023-12-10 18:38:11,0.0,43.0,392.0,22.4,3.6510000000000002
2023-12-10 18:43:11,0.0,43.0,397.0,22.4,3.6510000000000002
2023-12-10 18:48:11,0.0,43.0,399.0,22.4,3.6510000000000002
2023-12-10 18:53:11,0.0,43.0,394.0,22.4,3.6510000000000002
2023-12-10 18:58:11,0.0,43.0,390.0,22.4,3.6510000000000002
2023-12-10 19:03:11,0.0,44.0,406.0,22.4,3.6510000000000002
2023-12-10 19:08:11,0.0,44.0,400.0,22.4,3.6510000000000002
2023-12-10 19:13:11,0.0,44.0,405.0,22.4,3.6510000000000002
2023-12-10 19:18:12,0.0,44.0,407.0,22.3,3.6510000000000002
2023-12-10 19:23:11,0.0,44.0,396.0,22.4,3.6510000000000002
2023-12-10 19:28:11,0.0,44.0,392.0,22.4,3.6510000000000002
2023-12-10 19:33:11,0.0,44.0,387.0,22.4,3.6510000000000002
2023-12-10 19:38:11,0.0,44.0,391.0,22.4,3.6510000000000002
2023-12-10 19:43:11,0.0,44.0,394.0,22.4,3.6510000000000002
2023-12-10 19:48:11,0.0,45.0,385.0,22.4,3.6510000000000002
2023-12-10 19:53:11,0.0,45.0,385.0,22.3,3.6510000000000002
2023-12-10 19:58:11,0.0,45.0,408.0,22.4,3.6510000000000002
2023-12-10 20:03:11,0.0,45.0,405.0,22.4,3.6510000000000002
2023-12-10 20:08:11,0.0,45.0,396.0,22.4,3.6510000000000002
2023-12-10 20:13:11,0.0,45.0,388.0,22.4,3.6510000000000002
2023-12-10 20:18:11,0.0,45.0,396.0,22.3,3.6510000000000002
2023-12-10 20:23:11,0.0,45.0,393.0,22.4,3.653
2023-12-10 20:28:11,0.0,45.0,409.0,22.4,3.6510000000000002
2023-12-10 20:33:11,0.0,45.0,395.0,22.3,3.6510000000000002
2023-12-10 20:38:11,0.0,46.0,393.0,22.4,3.6510000000000002
2023-12-10 20:43:11,0.0,46.0,402.0,22.4,3.6510000000000002
2023-12-10 20:48:11,0.0,46.0,395.0,22.4,3.6510000000000002
2023-12-10 20:53:11,0.0,46.0,398.0,22.4,3.653
2023-12-10 20:58:11,0.0,46.0,398.0,22.3,3.6510000000000002
2023-12-10 21:03:11,0.0,46.0,411.0,22.4,3.6510000000000002
2023-12-10 21:08:11,0.0,46.0,405.0,22.4,3.6510000000000002
2023-12-10 21:13:11,0.0,46.0,393.0,22.4,3.6510000000000002
2023-12-10 21:18:11,0.0,46.0,396.0,22.4,3.6510000000000002
2023-12-10 21:23:11,0.0,46.0,408.0,22.4,3.6510000000000002
2023-12-10 21:28:11,0.0,46.0,409.0,22.4,3.6510000000000002
2023-12-10 21:33:11,0.0,46.0,399.0,22.4,3.6510000000000002
2023-12-10 21:38:11,0.0,46.0,402.0,22.4,3.6510000000000002
2023-12-10 21:43:11,0.0,46.0,395.0,22.3,3.6510000000000002
2023-12-10 21:48:11,0.0,46.0,401.0,22.4,3.6510000000000002
2023-12-10 21:53:11,0.0,46.0,412.0,22.4,3.6510000000000002
2023-12-10 21:58:11,0.0,46.0,403.0,22.4,3.6510000000000002
2023-12-10 22:03:11,0.0,46.0,408.0,22.4,3.6510000000000002
2023-12-10 22:08:11,0.0,46.0,400.0,22.4,3.6510000000000002
2023-12-10 22:13:11,0.0,46.0,398.0,22.4,3.6510000000000002
2023-12-10 22:18:11,0.0,46.0,406.0,22.4,3.6510000000000002
2023-12-10 22:23:11,0.0,46.0,404.0,22.3,3.6510000000000002
2023-12-10 22:28:11,0.0,46.0,400.0,22.4,3.6510000000000002
2023-12-10 22:33:11,0.0,46.0,395.0,22.3,3.6510000000000002
2023-12-10 22:38:11,0.0,46.0,407.0,22.4,3.6510000000000002
2023-12-10 22:43:11,0.0,46.0,411.0,22.4,3.6510000000000002
2023-12-10 22:48:11,0.0,47.0,396.0,22.3,3.6510000000000002
2023-12-10 22:53:11,0.0,46.0,414.0,22.3,3.6510000000000002
2023-12-10 22:58:11,0.0,46.0,418.0,22.4,3.6510000000000002
2023-12-10 23:03:11,0.0,46.0,416.0,22.3,3.6510000000000002
2023-12-10 23:08:11,0.0,47.0,412.0,22.4,3.6510000000000002
2023-12-10 23:13:11,0.0,47.0,410.0,22.4,3.6510000000000002
2023-12-10 23:18:11,0.0,46.0,408.0,22.4,3.6510000000000002
2023-12-10 23:23:11,0.0,47.0,409.0,22.4,3.6510000000000002
2023-12-10 23:28:11,0.0,47.0,406.0,22.3,3.6510000000000002
2023-12-10 23:33:11,0.0,47.0,400.0,22.3,3.6510000000000002
2023-12-10 23:38:11,0.0,47.0,418.0,22.3,3.6510000000000002
2023-12-10 23:43:11,0.0,47.0,414.0,22.4,3.6510000000000002
2023-12-10 23:48:11,0.0,47.0,396.0,22.3,3.6510000000000002
2023-12-10 23:53:11,0.0,47.0,399.0,22.4,3.6510000000000002
2023-12-10 23:58:11,0.0,47.0,398.0,22.3,3.6510000000000002
2023-12-11 00:03:11,0.0,47.0,412.0,22.3,3.6510000000000002
2023-12-11 00:08:11,0.0,47.0,415.0,22.4,3.653
2023-12-11 00:13:11,0.0,47.0,391.0,22.4,3.6510000000000002
2023-12-11 00:18:11,0.0,47.0,390.0,22.3,3.6510000000000002
2023-12-11 00:23:11,0.0,47.0,409.0,22.4,3.653
2023-12-11 00:28:11,0.0,47.0,411.0,22.3,3.6510000000000002
2023-12-11 00:33:11,0.0,47.0,397.0,22.3,3.6510000000000002
2023-12-11 00:38:11,0.0,47.0,400.0,22.4,3.6510000000000002
2023-12-11 00:43:11,0.0,47.0,392.0,22.4,3.6510000000000002
2023-12-11 00:48:11,0.0,47.0,414.0,22.3,3.6510000000000002
2023-12-11 00:53:11,0.0,47.0,401.0,22.3,3.6510000000000002
2023-12-11 00:58:11,0.0,47.0,406.0,22.3,3.6510000000000002
2023-12-11 01:03:11,0.0,47.0,402.0,22.3,3.6510000000000002
2023-12-11 01:08:11,0.0,46.0,412.0,22.3,3.6510000000000002
2023-12-11 01:13:11,0.0,46.0,398.0,22.3,3.6510000000000002
2023-12-11 01:18:11,0.0,46.0,409.0,22.3,3.6510000000000002
2023-12-11 01:23:11,0.0,46.0,408.0,22.3,3.6510000000000002
2023-12-11 01:28:11,0.0,46.0,402.0,22.3,3.6510000000000002
2023-12-11 01:33:11,0.0,46.0,403.0,22.3,3.6510000000000002
2023-12-11 01:38:11,0.0,46.0,398.0,22.4,3.6510000000000002
2023-12-11 01:43:11,0.0,46.0,395.0,22.2,3.6510000000000002
2023-12-11 01:48:11,0.0,46.0,402.0,22.3,3.6510000000000002
2023-12-11 01:53:11,0.0,46.0,393.0,22.3,3.6510000000000002
2023-12-11 01:58:11,0.0,46.0,409.0,22.3,3.6510000000000002
2023-12-11 02:03:11,0.0,46.0,405.0,22.3,3.6510000000000002
2023-12-11 02:08:11,0.0,46.0,406.0,22.2,3.6510000000000002
2023-12-11 02:13:11,0.0,46.0,412.0,22.2,3.6510000000000002
2023-12-11 02:18:11,0.0,46.0,409.0,22.2,3.6510000000000002
2023-12-11 02:23:11,0.0,45.0,404.0,22.3,3.6510000000000002
2023-12-11 02:28:11,0.0,45.0,408.0,22.2,3.6510000000000002
2023-12-11 02:33:11,0.0,45.0,412.0,22.2,3.6510000000000002
2023-12-11 02:38:11,0.0,45.0,400.0,22.3,3.6510000000000002
2023-12-11 02:43:11,0.0,45.0,407.0,22.2,3.6510000000000002
2023-12-11 02:48:11,0.0,45.0,403.0,22.2,3.6510000000000002
2023-12-11 02:53:11,0.0,45.0,396.0,22.2,3.6510000000000002
2023-12-11 02:58:11,0.0,45.0,409.0,22.2,3.6510000000000002
2023-12-11 03:03:10,0.0,45.0,403.0,22.2,3.6510000000000002
2023-12-11 03:08:11,0.0,45.0,401.0,22.2,3.6510000000000002
2023-12-11 03:13:10,0.0,45.0,402.0,22.2,3.6510000000000002
2023-12-11 03:18:11,0.0,45.0,399.0,22.2,3.6510000000000002
2023-12-11 03:23:10,0.0,45.0,405.0,22.2,3.6510000000000002
2023-12-11 03:28:10,0.0,45.0,405.0,22.2,3.6510000000000002
2023-12-11 03:33:10,0.0,45.0,396.0,22.2,3.6510000000000002
2023-12-11 03:38:10,0.0,45.0,393.0,22.2,3.6510000000000002
2023-12-11 03:43:10,0.0,45.0,385.0,22.2,3.6510000000000002
2023-12-11 03:48:10,0.0,45.0,395.0,22.2,3.6510000000000002
2023-12-11 03:53:10,0.0,45.0,409.0,22.2,3.6510000000000002
2023-12-11 03:58:10,0.0,45.0,394.0,22.2,3.6510000000000002
2023-12-11 04:03:10,0.0,45.0,393.0,22.2,3.6510000000000002
2023-12-11 04:08:10,0.0,44.0,406.0,22.2,3.6510000000000002
2023-12-11 04:13:10,0.0,44.0,405.0,22.2,3.6510000000000002
2023-12-11 04:18:10,0.0,44.0,391.0,22.2,3.6510000000000002
2023-12-11 04:23:10,0.0,45.0,403.0,22.2,3.6510000000000002
2023-12-11 04:28:10,0.0,44.0,395.0,22.2,3.6510000000000002
2023-12-11 04:33:10,0.0,44.0,403.0,22.2,3.6510000000000002
2023-12-11 04:38:10,0.0,44.0,399.0,22.2,3.6510000000000002
2023-12-11 04:43:10,0.0,44.0,404.0,22.2,3.6510000000000002
2023-12-11 04:48:10,0.0,44.0,402.0,22.2,3.6510000000000002
2023-12-11 04:53:10,0.0,44.0,406.0,22.2,3.6510000000000002
2023-12-11 04:58:10,0.0,44.0,403.0,22.2,3.6510000000000002
2023-12-11 05:03:10,0.0,44.0,407.0,22.2,3.6510000000000002
2023-12-11 05:08:10,0.0,44.0,403.0,22.2,3.6510000000000002
2023-12-11 05:13:10,0.0,44.0,390.0,22.2,3.6510000000000002
2023-12-11 05:18:10,0.0,44.0,400.0,22.2,3.648
2023-12-11 05:23:10,0.0,44.0,396.0,22.2,3.6510000000000002
2023-12-11 05:28:10,0.0,44.0,385.0,22.2,3.6510000000000002
2023-12-11 05:33:10,0.0,44.0,395.0,22.2,3.653
2023-12-11 05:38:10,0.0,44.0,385.0,22.2,3.6510000000000002
2023-12-11 05:43:10,0.0,44.0,396.0,22.2,3.6510000000000002
2023-12-11 05:48:10,0.0,44.0,393.0,22.2,3.6510000000000002
2023-12-11 05:53:10,0.0,44.0,403.0,22.2,3.6510000000000002
2023-12-11 05:58:10,0.0,44.0,409.0,22.2,3.6510000000000002
2023-12-11 06:03:10,0.0,44.0,402.0,22.2,3.6510000000000002
2023-12-11 06:08:10,0.0,44.0,399.0,22.2,3.6510000000000002
2023-12-11 06:13:10,0.0,44.0,397.0,22.1,3.6510000000000002
2023-12-11 06:18:10,0.0,44.0,399.0,22.2,3.6510000000000002
2023-12-11 06:23:10,0.0,44.0,397.0,22.2,3.6510000000000002
2023-12-11 06:28:10,0.0,44.0,398.0,22.2,3.6510000000000002
2023-12-11 06:33:10,0.0,44.0,399.0,22.2,3.6510000000000002
2023-12-11 06:38:10,0.0,44.0,406.0,22.2,3.6510000000000002
2023-12-11 06:43:10,0.0,44.0,408.0,22.2,3.6510000000000002
2023-12-11 06:48:10,0.0,44.0,406.0,22.2,3.6510000000000002
2023-12-11 06:53:10,0.0,44.0,415.0,22.2,3.6510000000000002
2023-12-11 06:58:10,0.0,44.0,390.0,22.2,3.6510000000000002
2023-12-11 07:03:10,0.0,44.0,402.0,22.2,3.6510000000000002
2023-12-11 07:08:10,0.0,44.0,408.0,22.2,3.6510000000000002
2023-12-11 07:13:10,0.0,44.0,407.0,22.2,3.6510000000000002
2023-12-11 07:18:10,0.0,44.0,406.0,22.2,3.6510000000000002
2023-12-11 07:23:10,0.0,44.0,402.0,22.2,3.6510000000000002
2023-12-11 07:28:10,0.0,44.0,405.0,22.2,3.6510000000000002
2023-12-11 07:33:10,0.0,44.0,396.0,22.2,3.6510000000000002
2023-12-11 07:38:10,0.0,44.0,410.0,22.2,3.6510000000000002
2023-12-11 07:43:10,0.0,44.0,401.0,22.2,3.6510000000000002
2023-12-11 07:48:10,0.0,44.0,403.0,22.2,3.6510000000000002
2023-12-11 07:53:10,0.0,44.0,403.0,22.2,3.653
2023-12-11 07:58:10,0.0,45.0,425.0,22.2,3.6510000000000002
2023-12-11 08:03:10,0.0,45.0,430.0,22.2,3.6510000000000002
2023-12-11 08:08:10,0.0,45.0,424.0,22.2,3.6510000000000002
2023-12-11 08:13:10,0.0,45.0,415.0,22.2,3.6510000000000002
2023-12-11 08:18:10,0.0,44.0,412.0,22.2,3.6510000000000002
2023-12-11 08:23:10,3.0,45.0,424.0,22.2,3.6510000000000002
2023-12-11 08:28:10,3.0,45.0,416.0,22.3,3.6510000000000002
2023-12-11 08:33:10,3.0,44.0,424.0,22.3,3.6510000000000002
2023-12-11 08:38:10,3.0,44.0,445.0,22.2,3.6510000000000002
2023-12-11 08:43:10,3.0,45.0,432.0,22.3,3.6510000000000002
2023-12-11 08:48:10,3.0,44.0,432.0,22.3,3.6510000000000002
2023-12-11 08:53:10,6.0,44.0,434.0,22.3,3.6510000000000002
2023-12-11 08:58:10,6.0,44.0,439.0,22.3,3.6510000000000002
2023-12-11 09:03:10,121.0,44.0,460.0,22.3,3.6510000000000002
2023-12-11 09:08:10,225.0,44.0,449.0,22.3,3.6510000000000002
2023-12-11 09:58:07,232.0,42.0,457.0,23.1,3.6510000000000002
2023-12-11 10:03:06,232.0,42.0,461.0,23.1,3.6510000000000002
2023-12-11 10:08:06,235.0,42.0,467.0,23.1,3.6510000000000002
2023-12-11 10:13:06,235.0,42.0,470.0,23.3,3.6510000000000002
2023-12-11 10:18:06,239.0,42.0,470.0,23.3,3.6510000000000002
2023-12-11 10:23:06,235.0,42.0,462.0,23.3,3.6510000000000002
2023-12-11 10:28:06,232.0,41.0,467.0,23.4,3.6510000000000002
2023-12-11 10:33:06,235.0,41.0,463.0,23.4,3.6510000000000002
2023-12-11 10:38:06,235.0,41.0,483.0,23.4,3.6510000000000002
2023-12-11 10:43:06,232.0,41.0,479.0,23.5,3.6510000000000002
2023-12-11 10:48:06,235.0,41.0,476.0,23.5,3.6510000000000002
2023-12-11 10:53:06,235.0,41.0,476.0,23.5,3.6510000000000002
2023-12-11 10:58:06,239.0,41.0,473.0,23.6,3.6510000000000002
2023-12-11 11:03:06,239.0,41.0,466.0,23.6,3.6510000000000002
2023-12-11 11:08:06,242.0,40.0,479.0,23.6,3.6510000000000002
2023-12-11 11:13:06,245.0,40.0,481.0,23.6,3.6510000000000002
2023-12-11 11:18:06,249.0,40.0,479.0,23.7,3.6510000000000002
2023-12-11 11:23:06,252.0,40.0,474.0,23.7,3.6510000000000002
2023-12-11 11:28:06,262.0,40.0,494.0,23.7,3.6510000000000002
2023-12-11 11:33:06,259.0,40.0,485.0,23.7,3.6510000000000002
2023-12-11 11:38:06,262.0,40.0,476.0,23.8,3.6510000000000002
2023-12-11 11:43:06,269.0,40.0,486.0,23.8,3.648
2023-12-11 11:48:06,282.0,40.0,487.0,23.8,3.6510000000000002
2023-12-11 11:53:06,282.0,40.0,492.0,23.9,3.6510000000000002
2023-12-11 11:58:06,279.0,40.0,481.0,23.9,3.6510000000000002
2023-12-11 12:03:06,286.0,40.0,490.0,23.9,3.6510000000000002
2023-12-11 12:08:06,289.0,40.0,491.0,24.0,3.6510000000000002
2023-12-11 12:13:06,299.0,40.0,486.0,24.0,3.6510000000000002
2023-12-11 12:18:06,306.0,40.0,482.0,24.0,3.6510000000000002
2023-12-11 12:23:06,303.0,39.0,487.0,24.0,3.6510000000000002
2023-12-11 12:28:06,303.0,39.0,496.0,24.0,3.6510000000000002
2023-12-11 12:33:06,299.0,39.0,478.0,24.0,3.6510000000000002
2023-12-11 12:38:06,299.0,39.0,475.0,24.1,3.6510000000000002
2023-12-11 12:43:06,303.0,39.0,475.0,24.1,3.6510000000000002
2023-12-11 12:48:06,306.0,39.0,475.0,24.1,3.6510000000000002
2023-12-11 12:53:06,293.0,39.0,475.0,24.2,3.6510000000000002
2023-12-11 12:58:06,306.0,39.0,484.0,24.1,3.6510000000000002
2023-12-11 13:03:06,299.0,39.0,472.0,24.2,3.6510000000000002
2023-12-11 13:08:06,299.0,39.0,491.0,24.2,3.6510000000000002
2023-12-11 13:13:06,293.0,39.0,485.0,24.2,3.6510000000000002
2023-12-11 13:18:06,293.0,39.0,478.0,24.2,3.6510000000000002
2023-12-11 13:23:06,289.0,39.0,469.0,24.2,3.6510000000000002
2023-12-11 13:28:06,279.0,38.0,469.0,24.3,3.6510000000000002
2023-12-11 13:33:06,279.0,38.0,489.0,24.3,3.6510000000000002
2023-12-11 13:38:06,279.0,38.0,476.0,24.3,3.6510000000000002
2023-12-11 13:43:06,279.0,38.0,462.0,24.3,3.648
2023-12-11 13:48:06,279.0,38.0,484.0,24.3,3.6510000000000002
2023-12-11 13:53:06,282.0,38.0,473.0,24.3,3.6510000000000002
2023-12-11 13:58:06,286.0,38.0,484.0,24.4,3.6510000000000002
2023-12-11 14:03:06,279.0,38.0,481.0,24.4,3.648
2023-12-11 14:08:06,286.0,38.0,493.0,24.4,3.6510000000000002
2023-12-11 14:13:06,272.0,38.0,481.0,24.4,3.6510000000000002
2023-12-11 14:18:06,269.0,38.0,470.0,24.4,3.6510000000000002
2023-12-11 14:23:06,266.0,38.0,470.0,24.4,3.6510000000000002
2023-12-11 14:28:06,266.0,38.0,449.0,24.3,3.6510000000000002
2023-12-11 14:33:06,262.0,38.0,445.0,24.3,3.6510000000000002
2023-12-11 14:38:06,259.0,38.0,466.0,24.3,3.6510000000000002
2023-12-11 14:43:06,255.0,38.0,473.0,24.3,3.6510000000000002
2023-12-11 14:48:06,252.0,38.0,449.0,24.3,3.648
2023-12-11 14:53:06,255.0,37.0,474.0,24.4,3.6510000000000002
2023-12-11 14:58:06,252.0,37.0,466.0,24.4,3.6510000000000002
2023-12-11 15:03:06,255.0,38.0,469.0,24.4,3.6510000000000002
2023-12-11 15:08:06,255.0,38.0,484.0,24.4,3.6510000000000002
2023-12-11 15:13:06,252.0,37.0,461.0,24.4,3.6510000000000002
2023-12-11 15:18:06,255.0,37.0,477.0,24.4,3.6510000000000002
2023-12-11 15:23:06,252.0,37.0,439.0,24.2,3.6510000000000002
2023-12-11 15:28:06,245.0,37.0,430.0,23.9,3.6510000000000002
2023-12-11 15:33:06,242.0,38.0,453.0,23.6,3.6510000000000002
2023-12-11 15:38:06,239.0,38.0,493.0,23.6,3.6510000000000002
2023-12-11 15:43:06,235.0,38.0,530.0,23.8,3.6510000000000002
2023-12-11 15:48:06,232.0,38.0,534.0,23.9,3.6510000000000002
2023-12-11 15:53:06,235.0,38.0,517.0,23.8,3.6510000000000002
2023-12-11 15:58:06,232.0,38.0,445.0,23.6,3.6510000000000002
2023-12-11 16:03:06,229.0,39.0,433.0,23.4,3.6510000000000002
2023-12-11 16:08:06,229.0,39.0,436.0,23.3,3.6510000000000002
2023-12-11 16:13:06,225.0,39.0,432.0,23.1,3.6510000000000002
2023-12-11 16:18:06,225.0,39.0,428.0,23.0,3.6510000000000002
2023-12-11 16:23:06,225.0,39.0,432.0,22.9,3.6510000000000002
2023-12-11 16:28:06,222.0,40.0,428.0,22.9,3.6510000000000002
2023-12-11 16:33:06,222.0,40.0,439.0,22.7,3.6510000000000002
2023-12-11 16:38:06,215.0,40.0,433.0,22.7,3.6510000000000002
2023-12-11 16:43:06,215.0,40.0,427.0,22.6,3.6510000000000002
2023-12-11 17:18:05,208.0,40.0,457.0,23.2,3.6510000000000002
2023-12-11 17:28:04,208.0,40.0,479.0,23.3,3.6510000000000002
2023-12-11 17:33:04,208.0,40.0,480.0,23.4,3.6510000000000002
2023-12-11 17:38:04,208.0,40.0,495.0,23.5,3.6510000000000002
2023-12-11 17:43:08,208.0,40.0,523.0,23.5,3.6510000000000002
2023-12-11 17:48:08,208.0,40.0,512.0,23.6,3.6510000000000002
2023-12-11 17:53:08,208.0,40.0,505.0,23.6,3.6510000000000002
2023-12-11 17:58:09,205.0,39.0,526.0,23.7,3.6510000000000002
2023-12-11 18:03:08,208.0,39.0,514.0,23.7,3.6510000000000002
2023-12-11 18:08:08,208.0,39.0,522.0,23.8,3.6510000000000002
2023-12-11 18:13:08,208.0,39.0,525.0,23.8,3.6510000000000002
2023-12-11 18:18:08,208.0,39.0,517.0,23.9,3.6510000000000002
2023-12-11 18:23:08,208.0,39.0,525.0,23.9,3.6510000000000002
2023-12-11 18:28:08,208.0,39.0,526.0,23.9,3.653
2023-12-11 18:33:08,208.0,39.0,525.0,24.0,3.6510000000000002
2023-12-11 18:38:08,208.0,39.0,529.0,24.0,3.6510000000000002
2023-12-11 18:43:08,205.0,39.0,517.0,24.0,3.6510000000000002
2023-12-11 18:48:08,208.0,39.0,524.0,24.1,3.6510000000000002
2023-12-11 18:53:08,208.0,39.0,519.0,24.1,3.6510000000000002
2023-12-11 18:58:08,208.0,39.0,523.0,24.1,3.6510000000000002
2023-12-11 19:03:08,202.0,39.0,522.0,24.1,3.6510000000000002
2023-12-11 19:08:08,212.0,39.0,546.0,24.2,3.6510000000000002
2023-12-11 19:13:08,212.0,39.0,562.0,24.2,3.6510000000000002
2023-12-11 19:18:08,208.0,40.0,551.0,24.3,3.6510000000000002
2023-12-11 19:23:08,208.0,40.0,563.0,24.2,3.6510000000000002
2023-12-11 19:28:08,0.0,40.0,600.0,24.3,3.6510000000000002
2023-12-11 19:33:08,0.0,40.0,605.0,24.3,3.6510000000000002
2023-12-11 19:38:08,0.0,40.0,590.0,24.2,3.6510000000000002
2023-12-11 19:43:08,0.0,40.0,625.0,24.2,3.6510000000000002
2023-12-11 19:48:08,0.0,40.0,611.0,24.1,3.6510000000000002
2023-12-11 19:53:08,0.0,40.0,587.0,24.0,3.6510000000000002
2023-12-11 19:58:08,0.0,41.0,594.0,24.1,3.6510000000000002
2023-12-11 20:03:08,0.0,41.0,596.0,24.0,3.6510000000000002
2023-12-11 20:08:08,0.0,41.0,597.0,24.0,3.6510000000000002
2023-12-11 20:13:08,0.0,41.0,592.0,23.9,3.6510000000000002
2023-12-11 20:18:08,0.0,41.0,603.0,23.9,3.6510000000000002
2023-12-11 20:23:08,0.0,41.0,584.0,23.8,3.6510000000000002
2023-12-11 20:28:08,0.0,41.0,597.0,23.8,3.6510000000000002
2023-12-11 20:33:08,0.0,41.0,589.0,23.8,3.6510000000000002
2023-12-11 20:38:08,0.0,41.0,575.0,23.8,3.6510000000000002
2023-12-11 20:43:08,0.0,41.0,579.0,23.7,3.6510000000000002
2023-12-11 20:48:08,0.0,41.0,579.0,23.7,3.6510000000000002
2023-12-11 20:53:08,0.0,41.0,577.0,23.6,3.6510000000000002
2023-12-11 20:58:08,0.0,41.0,589.0,23.6,3.6510000000000002
2023-12-11 21:03:08,0.0,41.0,578.0,23.6,3.6510000000000002
2023-12-11 21:08:08,0.0,41.0,569.0,23.6,3.6510000000000002
2023-12-11 21:13:08,0.0,41.0,575.0,23.6,3.6510000000000002
2023-12-11 21:18:08,0.0,41.0,587.0,23.6,3.6510000000000002
2023-12-11 21:23:08,0.0,41.0,573.0,23.6,3.6510000000000002
2023-12-11 21:28:08,0.0,41.0,580.0,23.5,3.6510000000000002
2023-12-11 21:33:08,0.0,41.0,555.0,23.5,3.6510000000000002
2023-12-11 21:38:08,0.0,41.0,580.0,23.5,3.6510000000000002
2023-12-11 21:43:08,0.0,41.0,562.0,23.5,3.6510000000000002
2023-12-11 21:48:08,0.0,41.0,549.0,23.5,3.6510000000000002
2023-12-11 21:53:08,0.0,41.0,541.0,23.5,3.6510000000000002
2023-12-11 21:58:08,0.0,42.0,559.0,23.5,3.6510000000000002
2023-12-11 22:03:08,0.0,42.0,561.0,23.4,3.6510000000000002
2023-12-11 22:08:08,0.0,42.0,569.0,23.4,3.6510000000000002
2023-12-11 22:13:08,0.0,42.0,565.0,23.4,3.653
2023-12-11 22:18:08,0.0,42.0,552.0,23.4,3.6510000000000002
2023-12-11 22:23:08,0.0,42.0,570.0,23.3,3.6510000000000002
2023-12-11 22:28:08,0.0,42.0,556.0,23.3,3.6510000000000002
2023-12-11 22:33:08,0.0,42.0,555.0,23.3,3.6510000000000002
2023-12-11 22:38:08,0.0,42.0,535.0,23.4,3.6510000000000002
2023-12-11 22:43:08,0.0,42.0,542.0,23.3,3.6510000000000002
2023-12-11 22:48:08,0.0,42.0,550.0,23.3,3.6510000000000002
2023-12-11 22:53:08,0.0,42.0,549.0,23.3,3.6510000000000002
2023-12-11 22:58:08,0.0,42.0,540.0,23.3,3.6510000000000002
2023-12-11 23:03:08,0.0,42.0,542.0,23.3,3.6510000000000002
2023-12-11 23:08:08,0.0,42.0,545.0,23.3,3.6510000000000002
2023-12-11 23:13:08,0.0,42.0,546.0,23.2,3.6510000000000002
2023-12-11 23:18:08,0.0,42.0,559.0,23.3,3.6510000000000002
2023-12-11 23:23:08,0.0,42.0,538.0,23.2,3.6510000000000002
2023-12-11 23:28:08,0.0,42.0,519.0,23.3,3.6510000000000002
2023-12-11 23:33:08,0.0,42.0,522.0,23.3,3.653
2023-12-11 23:38:08,0.0,42.0,536.0,23.2,3.6510000000000002
2023-12-11 23:43:08,0.0,42.0,532.0,23.2,3.6510000000000002
2023-12-11 23:48:08,0.0,42.0,537.0,23.2,3.6510000000000002
2023-12-11 23:53:08,0.0,42.0,531.0,23.2,3.6510000000000002
2023-12-11 23:58:08,0.0,42.0,521.0,23.2,3.6510000000000002
2023-12-12 00:03:08,0.0,42.0,534.0,23.2,3.6510000000000002
2023-12-12 00:08:08,0.0,42.0,515.0,23.1,3.6510000000000002
2023-12-12 00:13:08,0.0,42.0,527.0,23.2,3.6510000000000002
2023-12-12 00:18:08,0.0,42.0,535.0,23.1,3.6510000000000002
2023-12-12 00:23:08,0.0,42.0,537.0,23.2,3.6510000000000002
2023-12-12 00:28:08,0.0,42.0,527.0,23.2,3.6510000000000002
2023-12-12 00:33:08,0.0,42.0,524.0,23.1,3.6510000000000002
2023-12-12 00:38:08,0.0,42.0,512.0,23.2,3.6510000000000002
2023-12-12 00:43:08,0.0,42.0,521.0,23.2,3.6510000000000002
2023-12-12 00:48:08,0.0,42.0,519.0,23.1,3.6510000000000002
2023-12-12 00:53:08,0.0,42.0,512.0,23.1,3.6510000000000002
2023-12-12 00:58:08,0.0,42.0,516.0,23.2,3.6510000000000002
2023-12-12 01:03:08,0.0,42.0,525.0,23.2,3.6510000000000002
2023-12-12 01:08:08,0.0,42.0,512.0,23.2,3.6510000000000002
2023-12-12 01:13:08,0.0,42.0,517.0,23.2,3.6510000000000002
2023-12-12 01:18:08,0.0,42.0,511.0,23.1,3.6510000000000002
2023-12-12 01:23:08,0.0,42.0,527.0,23.1,3.653
2023-12-12 01:28:08,0.0,42.0,507.0,23.2,3.6510000000000002
2023-12-12 01:33:08,0.0,42.0,503.0,23.1,3.6510000000000002
2023-12-12 01:38:08,0.0,42.0,497.0,23.2,3.6510000000000002
2023-12-12 01:43:08,0.0,42.0,500.0,23.1,3.653
2023-12-12 01:48:08,0.0,42.0,506.0,23.1,3.6510000000000002
2023-12-12 01:53:08,0.0,42.0,488.0,23.1,3.6510000000000002
2023-12-12 01:58:08,0.0,42.0,512.0,23.2,3.6510000000000002
2023-12-12 02:03:08,0.0,42.0,503.0,23.1,3.6510000000000002
2023-12-12 02:08:08,0.0,42.0,496.0,23.1,3.6510000000000002
2023-12-12 02:13:08,0.0,42.0,503.0,23.2,3.6510000000000002
2023-12-12 02:18:07,0.0,42.0,494.0,23.1,3.6510000000000002
2023-12-12 02:23:07,0.0,42.0,489.0,23.1,3.6510000000000002
2023-12-12 02:28:07,0.0,42.0,479.0,23.1,3.6510000000000002
2023-12-12 02:33:07,0.0,42.0,494.0,23.1,3.6510000000000002
2023-12-12 02:38:07,0.0,42.0,500.0,23.2,3.6510000000000002
2023-12-12 02:43:07,0.0,42.0,497.0,23.2,3.6510000000000002
2023-12-12 02:48:07,0.0,42.0,498.0,23.1,3.6510000000000002
2023-12-12 02:53:07,0.0,42.0,496.0,23.1,3.6510000000000002
2023-12-12 02:58:07,0.0,42.0,492.0,23.1,3.6510000000000002
2023-12-12 03:03:07,0.0,42.0,485.0,23.1,3.6510000000000002
2023-12-12 03:08:07,0.0,42.0,493.0,23.2,3.6510000000000002
2023-12-12 03:13:07,0.0,42.0,474.0,23.2,3.6510000000000002
2023-12-12 03:18:08,0.0,43.0,482.0,23.2,3.653
2023-12-12 03:23:07,0.0,43.0,492.0,23.1,3.6510000000000002
2023-12-12 03:28:07,0.0,43.0,488.0,23.1,3.6510000000000002
2023-12-12 03:33:07,0.0,43.0,479.0,23.2,3.6510000000000002
2023-12-12 03:38:07,0.0,43.0,486.0,23.1,3.6510000000000002
2023-12-12 03:43:07,0.0,43.0,467.0,23.2,3.653
2023-12-12 03:48:07,0.0,43.0,487.0,23.1,3.6510000000000002
2023-12-12 03:53:07,0.0,43.0,487.0,23.1,3.653
2023-12-12 03:58:07,0.0,43.0,481.0,23.1,3.6510000000000002
2023-12-12 04:03:07,0.0,43.0,486.0,23.1,3.6510000000000002
2023-12-12 04:08:07,0.0,43.0,472.0,23.2,3.6510000000000002
2023-12-12 04:13:07,0.0,43.0,479.0,23.2,3.6510000000000002
2023-12-12 04:18:07,0.0,43.0,476.0,23.1,3.6510000000000002
2023-12-12 04:23:07,0.0,43.0,486.0,23.1,3.6510000000000002
2023-12-12 04:28:07,0.0,43.0,467.0,23.1,3.6510000000000002
2023-12-12 04:33:07,0.0,43.0,479.0,23.1,3.6510000000000002
2023-12-12 04:38:07,0.0,43.0,470.0,23.2,3.6510000000000002
2023-12-12 04:43:07,0.0,43.0,476.0,23.1,3.6510000000000002
2023-12-12 04:48:07,0.0,43.0,468.0,23.1,3.6510000000000002
2023-12-12 04:53:07,0.0,43.0,485.0,23.1,3.6510000000000002
2023-12-12 04:58:07,0.0,43.0,486.0,23.1,3.6510000000000002
2023-12-12 05:03:07,0.0,43.0,479.0,23.1,3.6510000000000002
2023-12-12 05:08:07,0.0,43.0,480.0,23.1,3.6510000000000002
2023-12-12 05:13:07,0.0,43.0,462.0,23.1,3.6510000000000002
2023-12-12 05:18:07,0.0,43.0,460.0,23.2,3.6510000000000002
2023-12-12 05:23:07,0.0,43.0,465.0,23.1,3.653
2023-12-12 05:28:07,0.0,43.0,464.0,23.1,3.6510000000000002
2023-12-12 05:33:07,0.0,43.0,455.0,23.1,3.6510000000000002
2023-12-12 05:38:07,0.0,43.0,469.0,23.1,3.6510000000000002
2023-12-12 05:43:07,0.0,43.0,456.0,23.1,3.6510000000000002
2023-12-12 05:48:07,0.0,43.0,469.0,23.2,3.6510000000000002
2023-12-12 05:53:07,0.0,43.0,456.0,23.2,3.6510000000000002
2023-12-12 05:58:07,0.0,43.0,448.0,23.1,3.6510000000000002
2023-12-12 06:03:07,0.0,43.0,456.0,23.1,3.6510000000000002
2023-12-12 06:08:07,0.0,43.0,443.0,23.2,3.6510000000000002
2023-12-12 06:13:07,0.0,43.0,449.0,23.2,3.6510000000000002
2023-12-12 06:18:07,0.0,43.0,455.0,23.2,3.6510000000000002
2023-12-12 06:23:07,0.0,43.0,459.0,23.2,3.6510000000000002
2023-12-12 06:28:07,0.0,43.0,451.0,23.1,3.6510000000000002
2023-12-12 06:33:07,0.0,43.0,453.0,23.2,3.6510000000000002
2023-12-12 06:38:07,0.0,43.0,464.0,23.1,3.6510000000000002
2023-12-12 06:43:07,0.0,43.0,441.0,23.1,3.6510000000000002
2023-12-12 06:48:07,0.0,43.0,453.0,23.1,3.6510000000000002
2023-12-12 06:53:07,0.0,43.0,456.0,23.1,3.6510000000000002
2023-12-12 06:58:07,0.0,43.0,442.0,23.2,3.6510000000000002
2023-12-12 07:03:07,0.0,43.0,450.0,23.1,3.6510000000000002
2023-12-12 07:08:07,0.0,43.0,451.0,23.1,3.6510000000000002
2023-12-12 07:13:07,0.0,43.0,450.0,23.2,3.6510000000000002
2023-12-12 07:18:07,0.0,43.0,444.0,23.1,3.6510000000000002
2023-12-12 07:23:07,0.0,43.0,438.0,23.2,3.6510000000000002
2023-12-12 07:28:07,0.0,43.0,447.0,23.1,3.6510000000000002
2023-12-12 07:33:07,0.0,43.0,441.0,23.2,3.6510000000000002
2023-12-12 07:38:07,0.0,43.0,451.0,23.2,3.6510000000000002
2023-12-12 07:43:07,212.0,46.0,438.0,23.0,3.6510000000000002
2023-12-12 07:48:07,212.0,49.0,425.0,22.4,3.653
2023-12-12 07:53:07,215.0,50.0,439.0,21.9,3.6510000000000002
2023-12-12 07:58:07,212.0,51.0,415.0,21.7,3.6510000000000002
2023-12-12 08:03:07,202.0,51.0,487.0,22.1,3.6510000000000002
2023-12-12 08:08:07,195.0,51.0,701.0,22.3,3.6510000000000002
2023-12-12 08:13:07,195.0,52.0,836.0,22.5,3.6510000000000002
2023-12-12 08:18:07,195.0,53.0,909.0,22.8,3.6510000000000002
2023-12-12 08:23:07,188.0,53.0,886.0,22.9,3.6510000000000002
2023-12-12 08:28:07,191.0,52.0,661.0,22.6,3.6510000000000002
2023-12-12 08:33:07,195.0,52.0,594.0,22.5,3.6510000000000002
2023-12-12 08:38:07,191.0,52.0,666.0,22.5,3.653
2023-12-12 08:43:07,185.0,52.0,824.0,22.7,3.6510000000000002
2023-12-12 08:48:07,191.0,53.0,869.0,22.9,3.6510000000000002
2023-12-12 08:53:07,191.0,53.0,897.0,23.0,3.6510000000000002
2023-12-12 08:58:07,191.0,53.0,933.0,23.1,3.6510000000000002
2023-12-12 09:03:07,191.0,53.0,932.0,23.1,3.6510000000000002
2023-12-12 10:03:05,218.0,50.0,775.0,23.7,3.6510000000000002
2023-12-12 10:08:05,218.0,50.0,768.0,23.6,3.6510000000000002
2023-12-12 10:13:05,225.0,51.0,973.0,23.7,3.6510000000000002
2023-12-12 10:18:05,229.0,52.0,1097.0,23.9,3.6510000000000002
2023-12-12 10:23:05,222.0,54.0,1256.0,24.1,3.6510000000000002
2023-12-12 10:28:05,229.0,55.0,1427.0,24.2,3.6510000000000002
2023-12-12 10:33:05,242.0,54.0,1374.0,24.4,3.6510000000000002
2023-12-12 10:38:05,235.0,53.0,1134.0,24.3,3.6510000000000002
2023-12-12 10:43:05,239.0,52.0,1052.0,24.4,3.6510000000000002
2023-12-12 10:48:05,249.0,51.0,950.0,24.4,3.6510000000000002
2023-12-12 10:53:05,229.0,51.0,923.0,24.3,3.653
2023-12-12 10:58:05,225.0,51.0,866.0,24.4,3.6510000000000002
2023-12-12 11:03:05,279.0,50.0,855.0,24.3,3.6510000000000002
2023-12-12 11:08:05,272.0,50.0,863.0,24.4,3.6510000000000002
2023-12-12 11:13:05,245.0,50.0,850.0,24.4,3.6510000000000002
2023-12-12 11:18:05,215.0,50.0,828.0,24.4,3.6510000000000002
2023-12-12 11:23:05,235.0,49.0,841.0,24.4,3.6510000000000002
2023-12-12 11:28:05,245.0,49.0,927.0,24.4,3.6510000000000002
2023-12-12 11:33:05,255.0,50.0,1062.0,24.5,3.6510000000000002
2023-12-12 11:38:05,269.0,50.0,1144.0,24.7,3.6510000000000002
2023-12-12 11:43:05,279.0,51.0,1242.0,24.8,3.6510000000000002
2023-12-12 11:48:05,282.0,52.0,1345.0,24.9,3.6510000000000002
2023-12-12 11:53:05,319.0,52.0,1373.0,25.0,3.6510000000000002
2023-12-12 11:58:05,289.0,51.0,1134.0,25.0,3.6510000000000002
2023-12-12 12:03:05,303.0,50.0,1038.0,25.0,3.6510000000000002
2023-12-12 12:08:05,286.0,49.0,961.0,24.9,3.6510000000000002
2023-12-12 12:13:06,279.0,49.0,874.0,24.9,3.6510000000000002
2023-12-12 12:18:05,272.0,48.0,918.0,24.9,3.6510000000000002
2023-12-12 12:23:05,255.0,49.0,931.0,24.9,3.6510000000000002
2023-12-12 12:28:05,242.0,49.0,959.0,25.0,3.6510000000000002
2023-12-12 12:33:05,222.0,49.0,948.0,25.0,3.6510000000000002
2023-12-12 12:38:05,239.0,49.0,921.0,25.0,3.6510000000000002
2023-12-12 12:43:05,232.0,48.0,927.0,25.0,3.648
2023-12-12 12:48:05,245.0,48.0,969.0,25.1,3.6510000000000002
2023-12-12 12:53:05,239.0,48.0,930.0,25.1,3.6510000000000002
2023-12-12 12:58:05,245.0,48.0,881.0,25.1,3.6510000000000002
2023-12-12 13:03:05,218.0,48.0,930.0,25.1,3.6510000000000002
2023-12-12 13:08:05,222.0,49.0,1109.0,25.1,3.6510000000000002
2023-12-12 15:18:04,245.0,47.0,943.0,25.0,3.6510000000000002
2023-12-12 15:23:05,249.0,48.0,1062.0,25.1,3.6510000000000002
2023-12-12 15:28:04,242.0,48.0,1102.0,25.3,3.6510000000000002
2023-12-12 15:33:04,289.0,48.0,1028.0,25.3,3.6510000000000002
2023-12-12 15:38:04,252.0,48.0,1094.0,25.4,3.6510000000000002
2023-12-12 15:43:04,232.0,48.0,1090.0,25.5,3.6510000000000002
2023-12-12 15:48:04,222.0,48.0,1092.0,25.6,3.6510000000000002
2023-12-12 15:53:04,215.0,49.0,1122.0,25.6,3.6510000000000002
2023-12-12 15:58:04,215.0,48.0,1084.0,25.7,3.6510000000000002
2023-12-12 16:03:04,215.0,48.0,1157.0,25.6,3.6510000000000002
2023-12-12 16:08:04,215.0,48.0,1153.0,25.7,3.6510000000000002
2023-12-12 16:13:04,212.0,48.0,1158.0,25.7,3.6510000000000002
2023-12-12 16:18:04,215.0,48.0,1040.0,25.7,3.6510000000000002
2023-12-12 16:23:04,212.0,48.0,1150.0,25.7,3.6510000000000002
2023-12-12 16:28:04,212.0,48.0,1278.0,25.8,3.6510000000000002
2023-12-12 16:33:04,212.0,48.0,1275.0,25.9,3.6510000000000002
2023-12-12 16:38:04,212.0,49.0,1329.0,25.9,3.6510000000000002
2023-12-12 16:43:04,212.0,49.0,1382.0,25.9,3.6510000000000002
2023-12-12 16:48:04,208.0,49.0,1432.0,26.0,3.6510000000000002
2023-12-12 16:53:04,208.0,49.0,1418.0,26.1,3.648
2023-12-12 16:58:04,0.0,49.0,1458.0,26.1,3.6510000000000002
2023-12-12 17:03:04,232.0,48.0,1232.0,26.0,3.6510000000000002
2023-12-12 17:08:04,225.0,47.0,1135.0,26.0,3.6510000000000002
2023-12-12 17:13:04,229.0,46.0,1031.0,25.9,3.6510000000000002
2023-12-12 17:18:04,229.0,45.0,909.0,25.8,3.6510000000000002
2023-12-12 17:23:03,229.0,44.0,867.0,25.8,3.6510000000000002
2023-12-12 17:28:05,229.0,43.0,767.0,25.8,3.6510000000000002
2023-12-12 17:33:05,225.0,43.0,747.0,25.8,3.6510000000000002
2023-12-12 17:38:05,225.0,42.0,680.0,25.7,3.6510000000000002
2023-12-12 17:43:05,16.0,42.0,689.0,25.7,3.6510000000000002
2023-12-12 17:58:05,16.0,41.0,611.0,25.6,3.6510000000000002
2023-12-12 18:03:04,16.0,41.0,579.0,25.5,3.6510000000000002
2023-12-12 18:08:04,16.0,41.0,562.0,25.5,3.6510000000000002
2023-12-12 18:13:04,16.0,41.0,543.0,25.4,3.6510000000000002
2023-12-12 18:18:04,16.0,40.0,545.0,25.3,3.6510000000000002
2023-12-12 18:23:04,16.0,40.0,506.0,25.2,3.6510000000000002
2023-12-12 18:28:04,16.0,40.0,497.0,25.2,3.6510000000000002
2023-12-12 18:33:04,16.0,40.0,488.0,25.1,3.6510000000000002
2023-12-12 18:38:04,16.0,40.0,496.0,25.0,3.6510000000000002
2023-12-12 18:43:04,16.0,39.0,472.0,25.0,3.6510000000000002
2023-12-12 18:48:04,16.0,39.0,483.0,24.9,3.6510000000000002
2023-12-12 18:53:04,16.0,39.0,461.0,24.9,3.6510000000000002
2023-12-12 18:58:04,16.0,39.0,458.0,24.9,3.6510000000000002
2023-12-12 19:03:04,16.0,39.0,462.0,24.8,3.6510000000000002
2023-12-12 19:08:04,16.0,38.0,447.0,24.8,3.6510000000000002
2023-12-12 19:13:04,16.0,38.0,462.0,24.8,3.6510000000000002
2023-12-12 19:18:04,16.0,38.0,452.0,24.8,3.6510000000000002
2023-12-12 19:23:04,16.0,38.0,447.0,24.7,3.6510000000000002
2023-12-12 19:28:04,16.0,38.0,443.0,24.7,3.6510000000000002
2023-12-12 19:33:04,171.0,39.0,455.0,24.7,3.6510000000000002
2023-12-12 19:38:04,235.0,39.0,469.0,24.7,3.6510000000000002
2023-12-12 19:43:04,229.0,39.0,480.0,24.7,3.6510000000000002
2023-12-12 19:48:04,16.0,40.0,503.0,24.7,3.6510000000000002
2023-12-12 19:53:04,0.0,40.0,486.0,24.6,3.6510000000000002
2023-12-12 19:58:04,0.0,40.0,482.0,24.6,3.6510000000000002
2023-12-12 20:03:04,0.0,40.0,485.0,24.6,3.6510000000000002
2023-12-12 20:08:04,0.0,40.0,483.0,24.6,3.6510000000000002
2023-12-12 20:13:04,0.0,40.0,475.0,24.5,3.6510000000000002
2023-12-12 20:18:04,0.0,40.0,495.0,24.5,3.6510000000000002
2023-12-12 20:23:04,0.0,40.0,495.0,24.4,3.6510000000000002
2023-12-12 20:28:04,0.0,40.0,471.0,24.4,3.6510000000000002
2023-12-12 20:33:04,0.0,40.0,485.0,24.4,3.6510000000000002
2023-12-12 20:38:04,0.0,40.0,487.0,24.4,3.6510000000000002
2023-12-12 21:13:04,0.0,41.0,479.0,24.2,3.653
2023-12-12 21:18:04,0.0,41.0,476.0,24.1,3.6510000000000002
2023-12-12 21:23:04,0.0,41.0,455.0,24.1,3.6510000000000002
2023-12-12 21:28:04,0.0,41.0,447.0,24.1,3.6510000000000002
2023-12-12 21:33:04,0.0,41.0,454.0,24.1,3.653
2023-12-12 21:38:04,0.0,41.0,466.0,24.1,3.653
2023-12-12 21:43:04,0.0,41.0,460.0,24.1,3.6510000000000002
2023-12-12 21:48:04,0.0,41.0,465.0,24.0,3.653
2023-12-12 21:53:04,0.0,41.0,454.0,24.0,3.6510000000000002
2023-12-12 21:58:04,0.0,41.0,468.0,24.0,3.6510000000000002
2023-12-12 22:03:04,0.0,41.0,451.0,24.0,3.6510000000000002
2023-12-12 22:08:04,0.0,41.0,461.0,23.9,3.6510000000000002
2023-12-12 22:13:04,0.0,41.0,483.0,23.9,3.6510000000000002
2023-12-12 22:18:04,0.0,41.0,450.0,23.9,3.6510000000000002
2023-12-12 22:23:04,0.0,41.0,470.0,23.9,3.6510000000000002
2023-12-12 22:28:04,0.0,41.0,457.0,23.9,3.6510000000000002
2023-12-12 22:33:04,0.0,41.0,454.0,23.9,3.6510000000000002
2023-12-12 22:38:04,0.0,41.0,450.0,23.9,3.6510000000000002
2023-12-12 22:48:04,0.0,41.0,463.0,23.8,3.656
2023-12-12 22:53:04,0.0,41.0,446.0,23.9,3.6510000000000002
2023-12-12 22:58:04,0.0,41.0,445.0,23.8,3.653
2023-12-12 23:03:04,0.0,41.0,452.0,23.8,3.6510000000000002
2023-12-12 23:08:04,0.0,41.0,444.0,23.8,3.6510000000000002
2023-12-12 23:13:04,0.0,41.0,451.0,23.8,3.653
2023-12-12 23:18:04,0.0,41.0,440.0,23.8,3.6510000000000002
2023-12-12 23:23:04,0.0,41.0,442.0,23.8,3.6510000000000002
2023-12-12 23:28:04,0.0,41.0,437.0,23.8,3.6510000000000002
2023-12-12 23:33:04,0.0,41.0,451.0,23.7,3.6510000000000002
2023-12-12 23:38:04,0.0,41.0,447.0,23.8,3.6510000000000002
2023-12-12 23:43:04,0.0,41.0,442.0,23.7,3.653
2023-12-12 23:48:04,0.0,41.0,443.0,23.7,3.6510000000000002
2023-12-12 23:53:04,0.0,41.0,442.0,23.8,3.6510000000000002
2023-12-12 23:58:04,0.0,41.0,446.0,23.7,3.6510000000000002
2023-12-13 00:03:04,0.0,41.0,446.0,23.7,3.6510000000000002
2023-12-13 00:08:04,0.0,41.0,436.0,23.7,3.6510000000000002
2023-12-13 00:13:04,0.0,41.0,438.0,23.7,3.6510000000000002
2023-12-13 00:18:04,0.0,41.0,440.0,23.7,3.6510000000000002
2023-12-13 00:23:04,0.0,41.0,429.0,23.7,3.6510000000000002
2023-12-13 00:28:04,0.0,41.0,427.0,23.7,3.6510000000000002
2023-12-13 00:33:04,0.0,41.0,434.0,23.7,3.6510000000000002
2023-12-13 00:38:04,0.0,41.0,430.0,23.6,3.6510000000000002
2023-12-13 00:43:04,0.0,41.0,445.0,23.6,3.6510000000000002
2023-12-13 00:48:04,0.0,41.0,430.0,23.7,3.6510000000000002
2023-12-13 00:53:04,0.0,41.0,425.0,23.7,3.6510000000000002
2023-12-13 00:58:04,0.0,41.0,442.0,23.7,3.653
2023-12-13 01:03:04,0.0,41.0,427.0,23.6,3.653
2023-12-13 01:08:04,0.0,41.0,433.0,23.7,3.6510000000000002
2023-12-13 01:13:04,0.0,41.0,424.0,23.7,3.653
2023-12-13 01:18:04,0.0,41.0,422.0,23.6,3.6510000000000002
2023-12-13 01:23:04,0.0,41.0,430.0,23.6,3.653
2023-12-13 01:28:04,0.0,41.0,433.0,23.6,3.6510000000000002
2023-12-13 01:33:04,0.0,41.0,423.0,23.6,3.6510000000000002
2023-12-13 01:38:04,0.0,41.0,423.0,23.6,3.653
2023-12-13 01:43:04,0.0,41.0,422.0,23.6,3.653
2023-12-13 01:48:04,0.0,41.0,420.0,23.6,3.6510000000000002
2023-12-13 01:53:04,0.0,41.0,422.0,23.6,3.6510000000000002
2023-12-13 01:58:04,0.0,41.0,426.0,23.6,3.6510000000000002
2023-12-13 02:03:04,0.0,41.0,426.0,23.6,3.6510000000000002
2023-12-13 02:08:04,0.0,41.0,427.0,23.6,3.653
2023-12-13 02:13:04,0.0,41.0,432.0,23.6,3.6510000000000002
2023-12-13 02:18:04,0.0,41.0,427.0,23.6,3.653
2023-12-13 02:23:04,0.0,41.0,427.0,23.6,3.653
2023-12-13 02:28:04,0.0,41.0,434.0,23.6,3.6510000000000002
2023-12-13 02:33:04,0.0,41.0,422.0,23.6,3.653
2023-12-13 02:38:04,0.0,41.0,420.0,23.6,3.6510000000000002
2023-12-13 02:43:04,0.0,41.0,435.0,23.6,3.653
2023-12-13 02:48:04,0.0,41.0,418.0,23.6,3.6510000000000002
2023-12-13 02:53:04,0.0,41.0,416.0,23.6,3.6510000000000002
2023-12-13 02:58:04,0.0,41.0,427.0,23.6,3.6510000000000002
2023-12-13 03:03:04,0.0,41.0,421.0,23.6,3.653
2023-12-13 03:08:04,0.0,41.0,435.0,23.6,3.6510000000000002
2023-12-13 03:13:04,0.0,41.0,424.0,23.6,3.653
2023-12-13 03:18:04,0.0,41.0,423.0,23.6,3.6510000000000002
2023-12-13 03:23:04,0.0,41.0,426.0,23.5,3.653
2023-12-13 03:28:04,0.0,41.0,412.0,23.5,3.6510000000000002
2023-12-13 03:33:04,0.0,41.0,405.0,23.5,3.6510000000000002
2023-12-13 03:38:04,0.0,41.0,415.0,23.6,3.6510000000000002
2023-12-13 03:43:04,0.0,41.0,419.0,23.5,3.653
2023-12-13 03:48:04,0.0,41.0,416.0,23.5,3.6510000000000002
2023-12-13 03:53:04,0.0,41.0,427.0,23.5,3.6510000000000002
2023-12-13 03:58:04,0.0,41.0,418.0,23.6,3.6510000000000002
2023-12-13 04:03:04,0.0,41.0,411.0,23.5,3.6510000000000002
2023-12-13 04:08:04,0.0,41.0,408.0,23.5,3.6510000000000002
2023-12-13 04:13:04,0.0,41.0,402.0,23.5,3.6510000000000002
2023-12-13 04:18:04,0.0,41.0,416.0,23.5,3.6510000000000002
2023-12-13 04:23:04,0.0,41.0,424.0,23.5,3.653
2023-12-13 04:28:04,0.0,41.0,403.0,23.5,3.6510000000000002
2023-12-13 04:33:04,0.0,41.0,420.0,23.4,3.6510000000000002
2023-12-13 04:38:04,0.0,41.0,412.0,23.5,3.6510000000000002
2023-12-13 04:43:03,0.0,41.0,406.0,23.5,3.6510000000000002
2023-12-13 04:48:03,0.0,41.0,412.0,23.5,3.653
2023-12-13 04:53:03,0.0,41.0,411.0,23.5,3.6510000000000002
2023-12-13 04:58:03,0.0,41.0,408.0,23.5,3.6510000000000002
2023-12-13 05:03:03,0.0,41.0,423.0,23.5,3.653
2023-12-13 05:08:03,0.0,41.0,405.0,23.5,3.6510000000000002
2023-12-13 05:13:03,0.0,41.0,402.0,23.5,3.6510000000000002
2023-12-13 05:18:03,0.0,41.0,423.0,23.4,3.653
2023-12-13 05:23:03,0.0,41.0,412.0,23.5,3.6510000000000002
2023-12-13 05:28:03,0.0,41.0,410.0,23.5,3.6510000000000002
2023-12-13 05:33:03,0.0,41.0,405.0,23.5,3.653
2023-12-13 05:38:03,0.0,41.0,413.0,23.4,3.6510000000000002
2023-12-13 05:43:03,0.0,41.0,415.0,23.5,3.6510000000000002
2023-12-13 05:48:03,0.0,41.0,425.0,23.4,3.653
2023-12-13 05:53:03,0.0,41.0,411.0,23.4,3.6510000000000002
2023-12-13 05:58:03,0.0,41.0,416.0,23.4,3.6510000000000002
2023-12-13 06:03:03,0.0,41.0,412.0,23.5,3.6510000000000002
2023-12-13 06:08:03,0.0,41.0,397.0,23.5,3.6510000000000002
2023-12-13 06:13:03,0.0,41.0,411.0,23.4,3.6510000000000002
2023-12-13 06:18:03,0.0,40.0,409.0,23.4,3.6510000000000002
2023-12-13 06:23:03,0.0,41.0,418.0,23.4,3.6510000000000002
2023-12-13 06:28:03,0.0,41.0,412.0,23.4,3.6510000000000002
2023-12-13 06:33:03,0.0,41.0,425.0,23.5,3.6510000000000002
2023-12-13 06:38:03,0.0,40.0,413.0,23.4,3.6510000000000002
2023-12-13 06:43:03,0.0,40.0,393.0,23.5,3.653
2023-12-13 06:48:03,0.0,40.0,392.0,23.4,3.6510000000000002
2023-12-13 06:53:03,0.0,40.0,404.0,23.4,3.653
2023-12-13 06:58:03,0.0,40.0,411.0,23.4,3.653
2023-12-13 07:03:03,0.0,40.0,405.0,23.4,3.6510000000000002
2023-12-13 07:08:03,0.0,40.0,406.0,23.4,3.6510000000000002
2023-12-13 07:13:03,0.0,40.0,393.0,23.4,3.6510000000000002
2023-12-13 07:18:03,0.0,40.0,400.0,23.4,3.653
2023-12-13 07:23:03,0.0,40.0,402.0,23.4,3.653
2023-12-13 07:28:03,0.0,40.0,420.0,23.4,3.6510000000000002
2023-12-13 07:33:03,0.0,40.0,402.0,23.4,3.6510000000000002
2023-12-13 07:38:03,0.0,40.0,418.0,23.4,3.6510000000000002
2023-12-13 07:43:03,0.0,40.0,400.0,23.4,3.6510000000000002
2023-12-13 07:48:03,0.0,40.0,395.0,23.4,3.6510000000000002
2023-12-13 07:53:03,0.0,40.0,402.0,23.4,3.6510000000000002
2023-12-13 07:58:03,0.0,40.0,411.0,23.4,3.6510000000000002
2023-12-13 08:03:03,0.0,40.0,414.0,23.4,3.6510000000000002
2023-12-13 08:08:03,0.0,40.0,395.0,23.4,3.6510000000000002
2023-12-13 08:13:03,0.0,40.0,407.0,23.4,3.653
2023-12-13 08:18:03,0.0,40.0,416.0,23.4,3.653
2023-12-13 08:23:03,0.0,40.0,426.0,23.4,3.6510000000000002
2023-12-13 08:28:03,0.0,39.0,416.0,23.4,3.653
2023-12-13 08:33:03,0.0,39.0,420.0,23.4,3.6510000000000002
2023-12-13 08:38:03,3.0,39.0,437.0,23.4,3.6510000000000002
2023-12-13 08:43:03,212.0,39.0,420.0,23.4,3.6510000000000002
2023-12-13 08:48:03,212.0,39.0,438.0,23.5,3.653
2023-12-13 08:53:03,212.0,38.0,459.0,23.6,3.6510000000000002
2023-12-13 08:58:03,212.0,38.0,500.0,23.7,3.653
2023-12-13 09:03:03,208.0,38.0,511.0,23.7,3.6510000000000002
2023-12-13 09:08:03,212.0,38.0,520.0,23.8,3.6510000000000002
2023-12-13 09:13:03,212.0,38.0,535.0,23.9,3.653
2023-12-13 09:18:03,212.0,38.0,537.0,23.9,3.6510000000000002
2023-12-13 09:23:03,215.0,38.0,552.0,24.0,3.6510000000000002
2023-12-13 09:28:03,215.0,38.0,555.0,24.1,3.6510000000000002
2023-12-13 09:33:03,212.0,38.0,541.0,24.1,3.6510000000000002
2023-12-13 09:38:03,208.0,38.0,542.0,24.2,3.6510000000000002
2023-12-13 09:43:03,208.0,38.0,589.0,24.2,3.653
2023-12-13 09:48:03,208.0,38.0,587.0,24.3,3.6510000000000002
2023-12-13 09:53:03,208.0,38.0,606.0,24.4,3.6510000000000002
2023-12-13 09:58:03,6.0,38.0,612.0,24.3,3.653
2023-12-13 10:03:03,205.0,38.0,631.0,24.4,3.6510000000000002
2023-12-13 10:08:03,205.0,39.0,852.0,24.4,3.6510000000000002
2023-12-13 10:13:03,202.0,40.0,1003.0,24.6,3.6510000000000002
2023-12-13 10:18:03,202.0,42.0,1118.0,24.7,3.6510000000000002
2023-12-13 10:23:03,205.0,42.0,1208.0,24.9,3.6510000000000002
2023-12-13 10:28:03,205.0,43.0,1288.0,25.0,3.6510000000000002
2023-12-13 10:33:03,205.0,43.0,1337.0,25.1,3.6510000000000002
2023-12-13 10:38:03,202.0,44.0,1426.0,25.2,3.6510000000000002
2023-12-13 10:43:03,202.0,44.0,1468.0,25.3,3.6510000000000002
2023-12-13 10:48:03,198.0,44.0,1529.0,25.5,3.6510000000000002
2023-12-13 10:53:03,198.0,45.0,1557.0,25.5,3.6510000000000002
2023-12-13 10:58:03,202.0,45.0,1617.0,25.6,3.6510000000000002
2023-12-13 11:03:03,198.0,45.0,1621.0,25.7,3.6510000000000002
2023-12-13 11:08:03,205.0,45.0,1625.0,25.8,3.648
2023-12-13 11:13:03,205.0,46.0,1647.0,25.9,3.6510000000000002
2023-12-13 11:18:03,202.0,46.0,1660.0,25.9,3.6510000000000002
2023-12-13 11:23:03,208.0,46.0,1701.0,26.0,3.6510000000000002
2023-12-13 11:28:03,215.0,46.0,1692.0,26.1,3.6510000000000002
2023-12-13 11:33:03,215.0,46.0,1730.0,26.1,3.6510000000000002
2023-12-13 11:38:03,208.0,45.0,1668.0,26.2,3.6510000000000002
2023-12-13 11:43:03,212.0,45.0,1692.0,26.3,3.6510000000000002
2023-12-13 11:48:03,232.0,44.0,1515.0,26.3,3.6510000000000002
2023-12-13 11:53:03,13.0,44.0,1429.0,26.3,3.6510000000000002
2023-12-13 11:58:03,13.0,43.0,1272.0,26.2,3.6510000000000002
2023-12-13 12:03:03,205.0,42.0,1165.0,26.0,3.6510000000000002
2023-12-13 12:08:03,229.0,41.0,1070.0,26.0,3.6510000000000002
2023-12-13 12:13:03,222.0,40.0,994.0,26.0,3.6510000000000002
2023-12-13 12:18:03,218.0,40.0,1001.0,25.9,3.6510000000000002
2023-12-13 12:23:03,222.0,39.0,926.0,26.0,3.6510000000000002
2023-12-13 12:28:03,222.0,39.0,858.0,26.0,3.6510000000000002
2023-12-13 12:33:03,225.0,38.0,853.0,26.0,3.6510000000000002
2023-12-13 12:38:03,222.0,38.0,793.0,26.0,3.6510000000000002
2023-12-13 12:43:03,225.0,37.0,777.0,26.0,3.6510000000000002
2023-12-13 12:48:03,229.0,37.0,748.0,26.0,3.6510000000000002
2023-12-13 12:53:03,232.0,37.0,725.0,26.0,3.6510000000000002
2023-12-13 12:58:03,225.0,37.0,696.0,26.0,3.6510000000000002
2023-12-13 13:03:03,10.0,36.0,675.0,26.0,3.6510000000000002
2023-12-13 13:08:03,10.0,36.0,683.0,25.9,3.6510000000000002
2023-12-13 13:13:03,20.0,36.0,658.0,25.8,3.6510000000000002
2023-12-13 13:18:03,16.0,35.0,651.0,25.7,3.6510000000000002
2023-12-13 13:23:03,33.0,35.0,599.0,25.5,3.6510000000000002
2023-12-13 13:28:03,30.0,35.0,580.0,25.4,3.6510000000000002
2023-12-13 13:33:03,23.0,35.0,620.0,25.2,3.6510000000000002
2023-12-13 13:38:02,23.0,35.0,589.0,25.2,3.6510000000000002
2023-12-13 13:43:02,13.0,35.0,608.0,25.2,3.6510000000000002
2023-12-13 14:23:02,20.0,37.0,749.0,25.0,3.6510000000000002
2023-12-13 14:28:02,16.0,37.0,775.0,25.0,3.6510000000000002
2023-12-13 14:33:02,20.0,37.0,777.0,24.9,3.6510000000000002
2023-12-13 14:38:02,20.0,38.0,742.0,24.9,3.6510000000000002
2023-12-13 14:43:02,16.0,38.0,741.0,24.9,3.6510000000000002
2023-12-13 14:48:02,20.0,38.0,741.0,24.9,3.653
2023-12-13 14:53:02,23.0,38.0,733.0,24.8,3.6510000000000002
2023-12-13 14:58:02,20.0,38.0,795.0,24.9,3.6510000000000002
2023-12-13 15:03:02,20.0,38.0,796.0,24.9,3.6510000000000002
2023-12-13 15:08:02,20.0,38.0,747.0,24.8,3.6510000000000002
2023-12-13 15:13:02,13.0,38.0,705.0,24.8,3.653
2023-12-13 15:18:02,13.0,37.0,686.0,24.7,3.653
