Date,COV,Temperature,Pression,Luminosite,Humidite,CO2,Batterie
2023-12-09 12:26:30,25.0,19.92,989.1,16.0,36.5,406.0,90.0
2023-12-09 12:29:42,0.0,0.0,0.0,0.0,0.0,0.0,0.0
2023-12-09 12:29:48,0.0,0.0,0.0,0.0,0.0,0.0,0.0
2023-12-09 12:29:53,0.0,0.0,0.0,0.0,0.0,0.0,0.0
2023-12-09 12:29:59,0.0,0.0,0.0,0.0,0.0,0.0,0.0
2023-12-09 12:30:12,0.0,0.0,0.0,0.0,0.0,0.0,0.0
2023-12-09 12:46:45,25.0,19.94,988.59,16.0,36.5,406.0,90.0
2023-12-09 13:07:03,25.0,19.93,988.19,16.0,36.5,405.0,90.0
2023-12-09 13:27:19,35.0,19.94,987.88,16.0,37.0,405.0,90.0
2023-12-09 13:30:26,0.0,0.0,0.0,0.0,0.0,0.0,0.0
2023-12-09 13:30:32,0.0,0.0,0.0,0.0,0.0,0.0,0.0
2023-12-09 13:30:37,0.0,0.0,0.0,0.0,0.0,0.0,0.0
2023-12-09 13:30:43,0.0,0.0,0.0,0.0,0.0,0.0,0.0
2023-12-09 13:30:57,0.0,0.0,0.0,0.0,0.0,0.0,0.0
2023-12-09 13:47:35,25.0,19.96,987.39,18.0,37.0,405.0,90.0
2023-12-09 14:07:52,29.0,19.95,987.09,16.0,37.0,405.0,90.0
2023-12-09 14:28:08,25.0,19.98,986.68,16.0,37.0,406.0,90.0
2023-12-09 14:31:10,0.0,0.0,0.0,0.0,0.0,0.0,0.0
2023-12-09 14:31:16,0.0,0.0,0.0,0.0,0.0,0.0,0.0
2023-12-09 14:31:21,0.0,0.0,0.0,0.0,0.0,0.0,0.0
2023-12-09 14:31:34,0.0,0.0,0.0,0.0,0.0,0.0,0.0
2023-12-09 14:31:48,0.0,0.0,0.0,0.0,0.0,0.0,0.0
2023-12-09 14:48:24,29.0,20.02,986.36,16.0,37.0,405.0,90.0
2023-12-09 15:08:42,26.0,20.03,986.21,16.0,37.0,405.0,90.0
2023-12-09 15:28:59,28.0,20.04,985.89,16.0,37.5,405.0,90.0
2023-12-09 15:32:01,0.0,0.0,0.0,0.0,0.0,0.0,0.0
2023-12-09 15:32:07,0.0,0.0,0.0,0.0,0.0,0.0,0.0
2023-12-09 15:32:27,0.0,0.0,0.0,0.0,0.0,0.0,0.0
2023-12-09 15:32:41,0.0,0.0,0.0,0.0,0.0,0.0,0.0
2023-12-09 15:32:55,0.0,0.0,0.0,0.0,0.0,0.0,0.0
2023-12-09 15:49:16,30.0,20.08,985.83,16.0,37.5,405.0,90.0
2023-12-09 16:09:34,28.0,20.09,986.54,17.0,37.5,405.0,90.0
2023-12-09 16:29:50,32.0,20.11,986.3,16.0,37.5,404.0,90.0
2023-12-09 16:33:08,0.0,0.0,0.0,0.0,0.0,0.0,0.0
2023-12-09 16:33:14,0.0,0.0,0.0,0.0,0.0,0.0,0.0
2023-12-09 16:33:19,0.0,0.0,0.0,0.0,0.0,0.0,0.0
2023-12-09 16:33:25,0.0,0.0,0.0,0.0,0.0,0.0,0.0
2023-12-09 16:33:38,0.0,0.0,0.0,0.0,0.0,0.0,0.0
2023-12-09 16:50:08,25.0,20.16,985.95,16.0,37.5,404.0,90.0
2023-12-09 17:10:25,34.0,20.16,986.56,16.0,37.5,404.0,90.0
2023-12-09 17:30:42,44.0,20.18,987.19,16.0,38.0,404.0,90.0
2023-12-09 17:33:51,0.0,0.0,0.0,0.0,0.0,0.0,0.0
2023-12-09 17:33:56,0.0,0.0,0.0,0.0,0.0,0.0,0.0
2023-12-09 17:34:02,0.0,0.0,0.0,0.0,0.0,0.0,0.0
2023-12-09 17:34:08,0.0,0.0,0.0,0.0,0.0,0.0,0.0
2023-12-09 17:34:21,0.0,0.0,0.0,0.0,0.0,0.0,0.0
2023-12-09 17:50:59,52.0,20.24,987.9,16.0,38.0,403.0,90.0
2023-12-09 18:11:16,83.0,20.23,988.61,16.0,38.0,403.0,90.0
2023-12-09 18:31:33,108.0,20.26,989.35,16.0,38.0,403.0,90.0
2023-12-09 18:34:33,0.0,0.0,0.0,0.0,0.0,0.0,0.0
2023-12-09 18:34:38,0.0,0.0,0.0,0.0,0.0,0.0,0.0
2023-12-09 18:34:44,0.0,0.0,0.0,0.0,0.0,0.0,0.0
2023-12-09 18:34:50,0.0,0.0,0.0,0.0,0.0,0.0,0.0
2023-12-09 18:35:03,0.0,0.0,0.0,0.0,0.0,0.0,0.0
2023-12-09 18:51:49,126.0,20.3,989.55,16.0,38.0,403.0,90.0
2023-12-09 19:12:06,133.0,20.3,990.51,16.0,38.0,404.0,90.0
2023-12-09 19:32:24,147.0,20.31,990.95,16.0,38.5,405.0,90.0
2023-12-09 19:35:16,0.0,0.0,0.0,0.0,0.0,0.0,0.0
2023-12-09 19:35:21,0.0,0.0,0.0,0.0,0.0,0.0,0.0
2023-12-09 19:35:27,0.0,0.0,0.0,0.0,0.0,0.0,0.0
2023-12-09 19:35:33,0.0,0.0,0.0,0.0,0.0,0.0,0.0
2023-12-09 19:35:47,0.0,0.0,0.0,0.0,0.0,0.0,0.0
2023-12-09 19:52:41,142.0,20.36,991.55,16.0,38.5,404.0,90.0
2023-12-09 20:12:53,148.0,20.33,992.18,0.0,38.5,406.0,90.0
2023-12-09 20:33:05,144.0,20.34,992.54,0.0,38.5,406.0,90.0
2023-12-09 20:36:00,0.0,0.0,0.0,0.0,0.0,0.0,0.0
2023-12-09 20:36:06,0.0,0.0,0.0,0.0,0.0,0.0,0.0
2023-12-09 20:36:12,0.0,0.0,0.0,0.0,0.0,0.0,0.0
2023-12-09 20:36:19,0.0,0.0,0.0,0.0,0.0,0.0,0.0
2023-12-09 20:36:32,0.0,0.0,0.0,0.0,0.0,0.0,0.0
2023-12-09 20:53:26,141.0,20.37,992.76,16.0,38.5,407.0,90.0
2023-12-09 21:13:42,152.0,20.34,993.38,16.0,38.5,407.0,90.0
2023-12-09 21:33:55,154.0,20.32,994.01,16.0,38.5,407.0,90.0
2023-12-09 21:36:45,0.0,0.0,0.0,0.0,0.0,0.0,0.0
2023-12-09 21:36:50,0.0,0.0,0.0,0.0,0.0,0.0,0.0
2023-12-09 21:37:04,0.0,0.0,0.0,0.0,0.0,0.0,0.0
2023-12-09 21:37:10,0.0,0.0,0.0,0.0,0.0,0.0,0.0
2023-12-09 21:37:16,0.0,0.0,0.0,0.0,0.0,0.0,0.0
2023-12-09 21:54:15,140.0,20.33,995.08,15.0,38.5,407.0,90.0
2023-12-09 22:14:32,134.0,20.29,995.53,16.0,39.0,407.0,90.0
2023-12-09 22:34:48,127.0,20.28,996.17,17.0,39.0,406.0,90.0
2023-12-09 22:37:28,0.0,0.0,0.0,0.0,0.0,0.0,0.0
2023-12-09 22:37:33,0.0,0.0,0.0,0.0,0.0,0.0,0.0
2023-12-09 22:37:47,0.0,0.0,0.0,0.0,0.0,0.0,0.0
2023-12-09 22:38:02,0.0,0.0,0.0,0.0,0.0,0.0,0.0
2023-12-09 22:38:15,0.0,0.0,0.0,0.0,0.0,0.0,0.0
2023-12-09 22:55:05,124.0,20.27,996.39,16.0,39.0,406.0,90.0
2023-12-09 23:15:22,116.0,20.24,996.82,16.0,39.0,406.0,90.0
2023-12-09 23:35:38,120.0,20.21,997.02,16.0,39.0,406.0,90.0
2023-12-09 23:38:20,0.0,0.0,0.0,0.0,0.0,0.0,0.0
2023-12-09 23:38:41,0.0,0.0,0.0,0.0,0.0,0.0,0.0
2023-12-09 23:38:47,0.0,0.0,0.0,0.0,0.0,0.0,0.0
2023-12-09 23:38:53,0.0,0.0,0.0,0.0,0.0,0.0,0.0
2023-12-09 23:38:58,0.0,0.0,0.0,0.0,0.0,0.0,0.0
2023-12-09 23:55:55,118.0,20.19,997.73,16.0,39.0,405.0,90.0
2023-12-10 00:16:12,104.0,20.15,998.06,16.0,39.0,403.0,90.0
2023-12-10 00:36:30,111.0,20.12,998.4,16.0,39.0,403.0,90.0
2023-12-10 00:39:03,0.0,0.0,0.0,0.0,0.0,0.0,0.0
2023-12-10 00:39:24,0.0,0.0,0.0,0.0,0.0,0.0,0.0
2023-12-10 00:39:29,0.0,0.0,0.0,0.0,0.0,0.0,0.0
2023-12-10 00:39:35,0.0,0.0,0.0,0.0,0.0,0.0,0.0
2023-12-10 00:39:49,0.0,0.0,0.0,0.0,0.0,0.0,0.0
2023-12-10 00:56:48,107.0,20.12,998.65,16.0,39.0,403.0,90.0
2023-12-10 01:17:05,93.0,20.07,999.03,18.0,39.0,403.0,90.0
2023-12-10 01:37:22,87.0,20.03,999.3,16.0,39.0,403.0,90.0
2023-12-10 01:40:01,0.0,0.0,0.0,0.0,0.0,0.0,0.0
2023-12-10 01:40:15,0.0,0.0,0.0,0.0,0.0,0.0,0.0
2023-12-10 01:40:29,0.0,0.0,0.0,0.0,0.0,0.0,0.0
2023-12-10 01:40:43,0.0,0.0,0.0,0.0,0.0,0.0,0.0
2023-12-10 01:40:56,0.0,0.0,0.0,0.0,0.0,0.0,0.0
2023-12-10 01:57:33,75.0,20.02,999.44,16.0,39.0,403.0,89.0
2023-12-10 02:17:45,62.0,19.97,999.67,16.0,39.5,401.0,89.0
2023-12-10 02:37:57,49.0,19.94,1000.39,18.0,39.5,400.0,89.0
2023-12-10 02:41:09,0.0,0.0,0.0,0.0,0.0,0.0,0.0
2023-12-10 02:41:15,0.0,0.0,0.0,0.0,0.0,0.0,0.0
2023-12-10 02:41:21,0.0,0.0,0.0,0.0,0.0,0.0,0.0
2023-12-10 02:41:26,0.0,0.0,0.0,0.0,0.0,0.0,0.0
2023-12-10 02:41:39,0.0,0.0,0.0,0.0,0.0,0.0,0.0
2023-12-10 02:58:10,42.0,19.91,1000.82,16.0,39.5,399.0,89.0
2023-12-10 03:18:23,25.0,19.88,1000.82,16.0,39.5,397.0,89.0
2023-12-10 03:38:36,25.0,19.83,1000.88,16.0,39.5,397.0,89.0
2023-12-10 03:41:55,0.0,0.0,0.0,0.0,0.0,0.0,0.0
2023-12-10 03:42:01,0.0,0.0,0.0,0.0,0.0,0.0,0.0
2023-12-10 03:42:07,0.0,0.0,0.0,0.0,0.0,0.0,0.0
2023-12-10 03:42:12,0.0,0.0,0.0,0.0,0.0,0.0,0.0
2023-12-10 03:42:25,0.0,0.0,0.0,0.0,0.0,0.0,0.0
2023-12-10 03:58:50,34.0,19.82,1001.07,16.0,39.5,397.0,89.0
2023-12-10 04:19:02,30.0,19.77,1001.29,16.0,39.5,397.0,89.0
2023-12-10 04:39:15,30.0,19.74,1001.68,16.0,39.5,398.0,89.0
2023-12-10 04:42:38,0.0,0.0,0.0,0.0,0.0,0.0,0.0
2023-12-10 04:42:44,0.0,0.0,0.0,0.0,0.0,0.0,0.0
2023-12-10 04:42:50,0.0,0.0,0.0,0.0,0.0,0.0,0.0
2023-12-10 04:42:55,0.0,0.0,0.0,0.0,0.0,0.0,0.0
2023-12-10 04:43:09,0.0,0.0,0.0,0.0,0.0,0.0,0.0
2023-12-10 04:59:27,36.0,19.72,1001.88,16.0,39.5,398.0,89.0
2023-12-10 05:19:40,30.0,19.67,1002.19,16.0,39.5,398.0,89.0
2023-12-10 05:39:52,25.0,19.65,1002.21,16.0,39.5,397.0,89.0
2023-12-10 05:43:22,0.0,0.0,0.0,0.0,0.0,0.0,0.0
2023-12-10 05:43:28,0.0,0.0,0.0,0.0,0.0,0.0,0.0
2023-12-10 05:43:41,0.0,0.0,0.0,0.0,0.0,0.0,0.0
2023-12-10 05:43:47,0.0,0.0,0.0,0.0,0.0,0.0,0.0
2023-12-10 05:43:52,0.0,0.0,0.0,0.0,0.0,0.0,0.0
2023-12-10 06:00:05,25.0,19.64,1002.25,16.0,39.5,397.0,89.0
2023-12-10 06:20:18,25.0,19.6,1002.33,16.0,39.5,397.0,89.0
2023-12-10 06:40:32,30.0,19.57,1002.35,16.0,39.5,397.0,89.0
2023-12-10 06:44:13,0.0,0.0,0.0,0.0,0.0,0.0,0.0
2023-12-10 06:44:20,0.0,0.0,0.0,0.0,0.0,0.0,0.0
2023-12-10 06:44:27,0.0,0.0,0.0,0.0,0.0,0.0,0.0
2023-12-10 06:44:40,0.0,0.0,0.0,0.0,0.0,0.0,0.0
2023-12-10 06:44:53,0.0,0.0,0.0,0.0,0.0,0.0,0.0
2023-12-10 07:00:44,28.0,19.59,1002.56,16.0,39.5,397.0,89.0
2023-12-10 07:20:57,25.0,19.55,1002.79,16.0,40.0,398.0,89.0
2023-12-10 07:41:11,27.0,19.53,1002.98,16.0,40.0,398.0,89.0
2023-12-10 07:45:06,0.0,0.0,0.0,0.0,0.0,0.0,0.0
2023-12-10 07:45:13,0.0,0.0,0.0,0.0,0.0,0.0,0.0
2023-12-10 07:45:19,0.0,0.0,0.0,0.0,0.0,0.0,0.0
2023-12-10 07:45:25,0.0,0.0,0.0,0.0,0.0,0.0,0.0
2023-12-10 07:45:32,0.0,0.0,0.0,0.0,0.0,0.0,0.0
2023-12-10 08:01:23,29.0,19.52,1002.96,16.0,40.0,398.0,89.0
2023-12-10 08:21:36,29.0,19.5,1003.14,16.0,40.0,398.0,89.0
2023-12-10 08:41:49,32.0,19.49,1003.22,16.0,40.0,398.0,89.0
2023-12-10 08:45:37,0.0,0.0,0.0,0.0,0.0,0.0,0.0
2023-12-10 08:45:43,0.0,0.0,0.0,0.0,0.0,0.0,0.0
2023-12-10 08:46:35,0.0,0.0,0.0,0.0,0.0,0.0,0.0
2023-12-10 08:46:41,0.0,0.0,0.0,0.0,0.0,0.0,0.0
2023-12-10 08:46:55,0.0,0.0,0.0,0.0,0.0,0.0,0.0
2023-12-10 08:47:01,0.0,0.0,0.0,0.0,0.0,0.0,0.0
2023-12-10 09:02:04,25.0,19.52,1003.16,16.0,40.0,398.0,89.0
2023-12-10 09:22:16,26.0,19.46,1003.08,16.0,40.0,398.0,89.0
2023-12-10 09:42:28,25.0,19.45,1002.88,16.0,40.0,399.0,89.0
2023-12-10 09:42:51,25.0,19.45,1002.88,16.0,40.0,399.0,89.0
2023-12-10 09:47:05,0.0,0.0,0.0,0.0,0.0,0.0,0.0
2023-12-10 09:47:18,0.0,0.0,0.0,0.0,0.0,0.0,0.0
2023-12-10 09:47:33,0.0,0.0,0.0,0.0,0.0,0.0,0.0
2023-12-10 09:47:38,0.0,0.0,0.0,0.0,0.0,0.0,0.0
2023-12-10 09:48:01,0.0,0.0,0.0,0.0,0.0,0.0,0.0
2023-12-10 10:02:42,34.0,19.53,1002.92,16.0,40.0,399.0,89.0
2023-12-10 10:22:54,30.0,19.45,1002.94,16.0,40.0,399.0,89.0
2023-12-10 10:43:07,30.0,19.46,1002.5,16.0,40.5,398.0,89.0
2023-12-10 10:48:23,0.0,0.0,0.0,0.0,0.0,0.0,0.0
2023-12-10 10:48:29,0.0,0.0,0.0,0.0,0.0,0.0,0.0
2023-12-10 10:48:34,0.0,0.0,0.0,0.0,0.0,0.0,0.0
2023-12-10 10:48:48,0.0,0.0,0.0,0.0,0.0,0.0,0.0
2023-12-10 10:49:01,0.0,0.0,0.0,0.0,0.0,0.0,0.0
2023-12-10 11:03:20,30.0,19.51,1002.33,16.0,40.5,398.0,89.0
2023-12-10 11:23:32,28.0,19.48,1002.15,16.0,40.5,398.0,89.0
2023-12-10 11:43:44,34.0,19.5,1001.86,16.0,40.5,398.0,89.0
2023-12-10 11:49:13,0.0,0.0,0.0,0.0,0.0,0.0,0.0
2023-12-10 11:49:19,0.0,0.0,0.0,0.0,0.0,0.0,0.0
2023-12-10 11:49:33,0.0,0.0,0.0,0.0,0.0,0.0,0.0
2023-12-10 11:49:46,0.0,0.0,0.0,0.0,0.0,0.0,0.0
2023-12-10 11:50:01,0.0,0.0,0.0,0.0,0.0,0.0,0.0
2023-12-10 12:03:57,30.0,19.54,1001.42,16.0,40.5,398.0,89.0
2023-12-10 12:24:10,27.0,19.55,1000.99,16.0,40.5,398.0,89.0
2023-12-10 12:44:23,31.0,19.58,1000.62,16.0,40.5,398.0,89.0
2023-12-10 12:50:14,0.0,0.0,0.0,0.0,0.0,0.0,0.0
2023-12-10 12:50:21,0.0,0.0,0.0,0.0,0.0,0.0,0.0
2023-12-10 12:50:42,0.0,0.0,0.0,0.0,0.0,0.0,0.0
2023-12-10 12:50:47,0.0,0.0,0.0,0.0,0.0,0.0,0.0
2023-12-10 12:51:00,0.0,0.0,0.0,0.0,0.0,0.0,0.0
2023-12-10 13:04:35,28.0,19.63,1000.09,16.0,40.5,398.0,89.0
2023-12-10 13:24:48,32.0,19.69,999.5,16.0,41.0,398.0,89.0
2023-12-10 13:45:02,36.0,19.75,998.99,16.0,41.0,398.0,89.0
2023-12-10 13:51:13,0.0,0.0,0.0,0.0,0.0,0.0,0.0
2023-12-10 13:51:19,0.0,0.0,0.0,0.0,0.0,0.0,0.0
2023-12-10 13:51:24,0.0,0.0,0.0,0.0,0.0,0.0,0.0
2023-12-10 13:51:39,0.0,0.0,0.0,0.0,0.0,0.0,0.0
2023-12-10 13:51:52,0.0,0.0,0.0,0.0,0.0,0.0,0.0
2023-12-10 14:05:16,30.0,19.79,998.4,16.0,41.0,398.0,89.0
2023-12-10 14:25:29,31.0,19.83,998.08,16.0,41.0,399.0,89.0
2023-12-10 14:45:41,30.0,19.86,998.01,16.0,41.0,399.0,89.0
2023-12-10 14:52:05,0.0,0.0,0.0,0.0,0.0,0.0,0.0
2023-12-10 14:52:11,0.0,0.0,0.0,0.0,0.0,0.0,0.0
2023-12-10 14:52:16,0.0,0.0,0.0,0.0,0.0,0.0,0.0
2023-12-10 14:52:22,0.0,0.0,0.0,0.0,0.0,0.0,0.0
2023-12-10 14:52:36,0.0,0.0,0.0,0.0,0.0,0.0,0.0
2023-12-10 15:05:54,29.0,19.88,997.65,16.0,41.0,398.0,89.0
2023-12-10 15:26:07,32.0,19.89,997.35,18.0,41.0,398.0,89.0
2023-12-10 15:46:21,26.0,19.9,996.72,16.0,41.0,398.0,89.0
2023-12-10 15:52:49,0.0,0.0,0.0,0.0,0.0,0.0,0.0
2023-12-10 15:52:56,0.0,0.0,0.0,0.0,0.0,0.0,0.0
2023-12-10 15:53:02,0.0,0.0,0.0,0.0,0.0,0.0,0.0
2023-12-10 15:53:09,0.0,0.0,0.0,0.0,0.0,0.0,0.0
2023-12-10 15:53:15,0.0,0.0,0.0,0.0,0.0,0.0,0.0
2023-12-10 16:06:32,33.0,19.91,996.08,16.0,41.0,399.0,89.0
2023-12-10 16:26:40,27.0,19.91,995.82,0.0,41.0,397.0,89.0
2023-12-10 16:46:47,25.0,19.91,995.45,0.0,41.0,398.0,89.0
2023-12-10 16:53:19,0.0,0.0,0.0,0.0,0.0,0.0,0.0
2023-12-10 16:53:26,0.0,0.0,0.0,0.0,0.0,0.0,0.0
2023-12-10 16:53:32,0.0,0.0,0.0,0.0,0.0,0.0,0.0
2023-12-10 16:53:39,0.0,0.0,0.0,0.0,0.0,0.0,0.0
2023-12-10 16:53:46,0.0,0.0,0.0,0.0,0.0,0.0,0.0
2023-12-10 17:06:55,27.0,19.89,995.0,0.0,41.0,397.0,89.0
2023-12-10 17:27:03,25.0,19.89,994.94,0.0,41.0,397.0,89.0
2023-12-10 17:47:11,38.0,19.87,994.74,0.0,41.0,397.0,89.0
2023-12-10 17:54:00,0.0,0.0,0.0,0.0,0.0,0.0,0.0
2023-12-10 17:54:05,0.0,0.0,0.0,0.0,0.0,0.0,0.0
2023-12-10 17:54:18,0.0,0.0,0.0,0.0,0.0,0.0,0.0
2023-12-10 17:54:32,0.0,0.0,0.0,0.0,0.0,0.0,0.0
2023-12-10 17:54:38,0.0,0.0,0.0,0.0,0.0,0.0,0.0
2023-12-10 18:07:19,27.0,19.86,994.76,0.0,41.0,397.0,89.0
2023-12-10 18:27:27,31.0,19.84,994.66,0.0,41.0,396.0,89.0
2023-12-10 18:47:35,31.0,19.83,994.64,0.0,41.0,396.0,89.0
2023-12-10 18:54:42,0.0,0.0,0.0,0.0,0.0,0.0,0.0
2023-12-10 18:54:47,0.0,0.0,0.0,0.0,0.0,0.0,0.0
2023-12-10 18:55:00,0.0,0.0,0.0,0.0,0.0,0.0,0.0
2023-12-10 18:55:22,0.0,0.0,0.0,0.0,0.0,0.0,0.0
2023-12-10 18:55:28,0.0,0.0,0.0,0.0,0.0,0.0,0.0
2023-12-10 19:07:48,29.0,19.85,994.52,15.0,41.0,396.0,89.0
2023-12-10 19:27:56,25.0,19.8,994.42,15.0,41.0,396.0,89.0
2023-12-10 19:48:04,27.0,19.77,994.62,15.0,41.0,396.0,89.0
2023-12-10 19:55:40,0.0,0.0,0.0,0.0,0.0,0.0,0.0
2023-12-10 19:55:45,0.0,0.0,0.0,0.0,0.0,0.0,0.0
2023-12-10 19:55:51,0.0,0.0,0.0,0.0,0.0,0.0,0.0
2023-12-10 19:55:57,0.0,0.0,0.0,0.0,0.0,0.0,0.0
2023-12-10 19:56:51,0.0,0.0,0.0,0.0,0.0,0.0,0.0
2023-12-10 19:56:56,0.0,0.0,0.0,0.0,0.0,0.0,0.0
2023-12-10 20:08:20,31.0,19.8,994.56,16.0,41.0,397.0,89.0
2023-12-10 20:28:34,33.0,19.76,994.66,16.0,41.0,397.0,89.0
2023-12-10 20:48:47,40.0,19.74,994.72,16.0,41.0,396.0,89.0
2023-12-10 20:57:01,0.0,0.0,0.0,0.0,0.0,0.0,0.0
2023-12-10 20:57:06,0.0,0.0,0.0,0.0,0.0,0.0,0.0
2023-12-10 20:57:12,0.0,0.0,0.0,0.0,0.0,0.0,0.0
2023-12-10 20:57:18,0.0,0.0,0.0,0.0,0.0,0.0,0.0
2023-12-10 20:57:31,0.0,0.0,0.0,0.0,0.0,0.0,0.0
2023-12-10 21:09:00,36.0,19.76,994.82,16.0,41.0,396.0,89.0
2023-12-10 21:29:14,36.0,19.71,994.72,16.0,41.0,397.0,89.0
2023-12-10 21:49:27,38.0,19.7,994.72,16.0,41.0,397.0,89.0
2023-12-10 21:57:44,0.0,0.0,0.0,0.0,0.0,0.0,0.0
2023-12-10 21:57:49,0.0,0.0,0.0,0.0,0.0,0.0,0.0
2023-12-10 21:57:55,0.0,0.0,0.0,0.0,0.0,0.0,0.0
2023-12-10 21:58:00,0.0,0.0,0.0,0.0,0.0,0.0,0.0
2023-12-10 21:58:56,0.0,0.0,0.0,0.0,0.0,0.0,0.0
2023-12-10 21:59:01,0.0,0.0,0.0,0.0,0.0,0.0,0.0
2023-12-10 22:09:41,41.0,19.73,994.76,16.0,41.0,397.0,89.0
2023-12-10 22:29:54,49.0,19.69,994.94,16.0,41.5,397.0,89.0
2023-12-10 22:50:07,47.0,19.67,994.92,16.0,41.5,397.0,89.0
2023-12-10 22:59:15,0.0,0.0,0.0,0.0,0.0,0.0,0.0
2023-12-10 22:59:20,0.0,0.0,0.0,0.0,0.0,0.0,0.0
2023-12-10 22:59:26,0.0,0.0,0.0,0.0,0.0,0.0,0.0
2023-12-10 22:59:31,0.0,0.0,0.0,0.0,0.0,0.0,0.0
2023-12-10 22:59:38,0.0,0.0,0.0,0.0,0.0,0.0,0.0
2023-12-10 23:10:21,52.0,19.65,995.25,16.0,41.5,397.0,89.0
2023-12-10 23:30:34,51.0,19.64,995.37,16.0,41.5,397.0,89.0
2023-12-10 23:50:47,54.0,19.62,995.53,16.0,41.5,397.0,89.0
2023-12-10 23:59:44,0.0,0.0,0.0,0.0,0.0,0.0,0.0
2023-12-10 23:59:58,0.0,0.0,0.0,0.0,0.0,0.0,0.0
2023-12-11 00:00:04,0.0,0.0,0.0,0.0,0.0,0.0,0.0
2023-12-11 00:00:16,0.0,0.0,0.0,0.0,0.0,0.0,0.0
2023-12-11 00:00:30,0.0,0.0,0.0,0.0,0.0,0.0,0.0
2023-12-11 00:10:59,52.0,19.61,995.76,16.0,41.5,397.0,89.0
2023-12-11 00:31:11,57.0,19.6,995.88,16.0,41.5,397.0,89.0
2023-12-11 00:51:24,55.0,19.59,995.88,16.0,41.5,396.0,89.0
2023-12-11 01:00:41,0.0,0.0,0.0,0.0,0.0,0.0,0.0
2023-12-11 01:00:57,0.0,0.0,0.0,0.0,0.0,0.0,0.0
2023-12-11 01:01:11,0.0,0.0,0.0,0.0,0.0,0.0,0.0
2023-12-11 01:01:25,0.0,0.0,0.0,0.0,0.0,0.0,0.0
2023-12-11 01:01:38,0.0,0.0,0.0,0.0,0.0,0.0,0.0
2023-12-11 01:11:44,56.0,19.58,995.7,16.0,41.5,396.0,89.0
2023-12-11 01:31:57,56.0,19.57,995.57,17.0,41.5,397.0,89.0
2023-12-11 01:52:10,53.0,19.55,995.39,16.0,41.5,397.0,89.0
2023-12-11 02:01:50,0.0,0.0,0.0,0.0,0.0,0.0,0.0
2023-12-11 02:01:56,0.0,0.0,0.0,0.0,0.0,0.0,0.0
2023-12-11 02:02:02,0.0,0.0,0.0,0.0,0.0,0.0,0.0
2023-12-11 02:02:07,0.0,0.0,0.0,0.0,0.0,0.0,0.0
2023-12-11 02:02:22,0.0,0.0,0.0,0.0,0.0,0.0,0.0
2023-12-11 02:12:30,55.0,19.54,995.35,16.0,41.5,397.0,89.0
2023-12-11 02:32:43,55.0,19.53,995.68,16.0,41.5,397.0,89.0
2023-12-11 02:52:56,58.0,19.51,995.86,16.0,41.5,397.0,89.0
2023-12-11 03:02:26,0.0,0.0,0.0,0.0,0.0,0.0,0.0
2023-12-11 03:02:32,0.0,0.0,0.0,0.0,0.0,0.0,0.0
2023-12-11 03:02:38,0.0,0.0,0.0,0.0,0.0,0.0,0.0
2023-12-11 03:02:43,0.0,0.0,0.0,0.0,0.0,0.0,0.0
2023-12-11 03:02:57,0.0,0.0,0.0,0.0,0.0,0.0,0.0
2023-12-11 03:13:16,55.0,19.5,995.76,16.0,42.0,398.0,89.0
2023-12-11 03:33:29,50.0,19.48,995.51,16.0,42.0,397.0,89.0
2023-12-11 03:53:43,44.0,19.47,995.21,16.0,42.0,397.0,89.0
2023-12-11 04:03:08,0.0,0.0,0.0,0.0,0.0,0.0,0.0
2023-12-11 04:03:22,0.0,0.0,0.0,0.0,0.0,0.0,0.0
2023-12-11 04:03:36,0.0,0.0,0.0,0.0,0.0,0.0,0.0
2023-12-11 04:03:50,0.0,0.0,0.0,0.0,0.0,0.0,0.0
2023-12-11 04:04:04,0.0,0.0,0.0,0.0,0.0,0.0,0.0
2023-12-11 04:13:57,52.0,19.46,995.06,16.0,42.0,398.0,89.0
2023-12-11 04:34:09,52.0,19.44,995.1,16.0,42.0,398.0,89.0
2023-12-11 04:54:23,56.0,19.44,994.72,16.0,42.0,398.0,89.0
2023-12-11 05:04:08,0.0,0.0,0.0,0.0,0.0,0.0,0.0
2023-12-11 05:04:14,0.0,0.0,0.0,0.0,0.0,0.0,0.0
2023-12-11 05:04:37,0.0,0.0,0.0,0.0,0.0,0.0,0.0
2023-12-11 05:04:50,0.0,0.0,0.0,0.0,0.0,0.0,0.0
2023-12-11 05:04:55,0.0,0.0,0.0,0.0,0.0,0.0,0.0
2023-12-11 05:14:41,51.0,19.43,994.42,16.0,42.0,397.0,89.0
2023-12-11 05:34:54,52.0,19.42,994.68,16.0,42.0,397.0,89.0
2023-12-11 05:55:07,48.0,19.42,994.76,16.0,42.0,398.0,89.0
2023-12-11 06:05:00,0.0,0.0,0.0,0.0,0.0,0.0,0.0
2023-12-11 06:05:14,0.0,0.0,0.0,0.0,0.0,0.0,0.0
2023-12-11 06:05:29,0.0,0.0,0.0,0.0,0.0,0.0,0.0
2023-12-11 06:05:42,0.0,0.0,0.0,0.0,0.0,0.0,0.0
2023-12-11 06:06:36,0.0,0.0,0.0,0.0,0.0,0.0,0.0
2023-12-11 06:06:42,0.0,0.0,0.0,0.0,0.0,0.0,0.0
2023-12-11 06:15:20,47.0,19.4,994.36,17.0,42.0,397.0,89.0
2023-12-11 06:35:33,48.0,19.41,995.1,16.0,42.0,397.0,89.0
2023-12-11 06:55:47,46.0,19.41,995.08,16.0,42.0,397.0,89.0
2023-12-11 07:06:46,0.0,0.0,0.0,0.0,0.0,0.0,0.0
2023-12-11 07:06:53,0.0,0.0,0.0,0.0,0.0,0.0,0.0
2023-12-11 07:07:00,0.0,0.0,0.0,0.0,0.0,0.0,0.0
2023-12-11 07:07:13,0.0,0.0,0.0,0.0,0.0,0.0,0.0
2023-12-11 07:07:19,0.0,0.0,0.0,0.0,0.0,0.0,0.0
2023-12-11 07:15:58,57.0,19.4,995.1,16.0,42.5,397.0,89.0
2023-12-11 07:36:10,69.0,19.41,995.23,16.0,42.5,397.0,89.0
2023-12-11 07:56:23,83.0,19.41,995.23,16.0,42.5,397.0,89.0
2023-12-11 08:07:39,0.0,0.0,0.0,0.0,0.0,0.0,0.0
2023-12-11 08:07:45,0.0,0.0,0.0,0.0,0.0,0.0,0.0
2023-12-11 08:07:58,0.0,0.0,0.0,0.0,0.0,0.0,0.0
2023-12-11 08:08:11,0.0,0.0,0.0,0.0,0.0,0.0,0.0
2023-12-11 08:08:26,0.0,0.0,0.0,0.0,0.0,0.0,0.0
2023-12-11 08:16:35,83.0,19.41,995.37,16.0,42.5,397.0,89.0
2023-12-11 08:36:47,82.0,19.41,995.7,16.0,42.5,398.0,89.0
2023-12-11 08:57:00,66.0,19.43,996.06,16.0,42.5,398.0,89.0
2023-12-11 09:57:36,52.0,19.53,996.74,16.0,42.5,410.0,89.0
2023-12-11 10:09:19,0.0,0.0,0.0,0.0,0.0,0.0,0.0
2023-12-11 10:09:24,0.0,0.0,0.0,0.0,0.0,0.0,0.0
2023-12-11 10:09:30,0.0,0.0,0.0,0.0,0.0,0.0,0.0
2023-12-11 10:09:44,0.0,0.0,0.0,0.0,0.0,0.0,0.0
2023-12-11 10:09:57,0.0,0.0,0.0,0.0,0.0,0.0,0.0
2023-12-11 10:17:49,44.0,19.56,997.0,16.0,43.0,422.0,89.0
2023-12-11 10:38:03,40.0,19.57,997.08,16.0,43.0,429.0,89.0
2023-12-11 10:58:16,39.0,19.59,997.52,16.0,43.0,430.0,89.0
2023-12-11 11:10:10,0.0,0.0,0.0,0.0,0.0,0.0,0.0
2023-12-11 11:10:23,0.0,0.0,0.0,0.0,0.0,0.0,0.0
2023-12-11 11:10:28,0.0,0.0,0.0,0.0,0.0,0.0,0.0
2023-12-11 11:10:34,0.0,0.0,0.0,0.0,0.0,0.0,0.0
2023-12-11 11:10:48,0.0,0.0,0.0,0.0,0.0,0.0,0.0
2023-12-11 11:18:30,36.0,19.62,997.89,16.0,43.0,428.0,89.0
2023-12-11 11:38:42,38.0,19.65,997.97,16.0,43.0,431.0,89.0
2023-12-11 11:58:55,37.0,19.68,997.95,16.0,43.0,435.0,89.0
2023-12-11 12:11:09,0.0,0.0,0.0,0.0,0.0,0.0,0.0
2023-12-11 12:11:14,0.0,0.0,0.0,0.0,0.0,0.0,0.0
2023-12-11 12:11:20,0.0,0.0,0.0,0.0,0.0,0.0,0.0
2023-12-11 12:11:35,0.0,0.0,0.0,0.0,0.0,0.0,0.0
2023-12-11 12:11:48,0.0,0.0,0.0,0.0,0.0,0.0,0.0
2023-12-11 12:19:08,46.0,19.73,998.03,16.0,43.0,436.0,89.0
2023-12-11 12:39:20,41.0,19.82,998.06,16.0,43.5,440.0,89.0
2023-12-11 12:59:33,44.0,19.88,998.1,16.0,43.5,445.0,89.0
2023-12-11 13:12:01,0.0,0.0,0.0,0.0,0.0,0.0,0.0
2023-12-11 13:12:14,0.0,0.0,0.0,0.0,0.0,0.0,0.0
2023-12-11 13:12:19,0.0,0.0,0.0,0.0,0.0,0.0,0.0
2023-12-11 13:12:25,0.0,0.0,0.0,0.0,0.0,0.0,0.0
2023-12-11 13:12:39,0.0,0.0,0.0,0.0,0.0,0.0,0.0
2023-12-11 13:19:45,40.0,19.94,998.16,16.0,43.5,445.0,89.0
2023-12-11 13:39:53,39.0,20.03,998.3,14.0,43.5,445.0,89.0
2023-12-11 14:00:00,37.0,20.13,998.4,14.0,43.5,444.0,89.0
2023-12-11 14:12:52,0.0,0.0,0.0,0.0,0.0,0.0,0.0
2023-12-11 14:12:57,0.0,0.0,0.0,0.0,0.0,0.0,0.0
2023-12-11 14:13:04,0.0,0.0,0.0,0.0,0.0,0.0,0.0
2023-12-11 14:13:11,0.0,0.0,0.0,0.0,0.0,0.0,0.0
2023-12-11 14:13:17,0.0,0.0,0.0,0.0,0.0,0.0,0.0
2023-12-11 14:20:07,42.0,20.24,998.52,14.0,43.5,443.0,89.0
2023-12-11 14:40:15,50.0,20.35,998.44,14.0,44.0,442.0,89.0
2023-12-11 15:00:23,51.0,20.42,998.46,14.0,43.5,442.0,89.0
2023-12-11 15:13:23,0.0,0.0,0.0,0.0,0.0,0.0,0.0
2023-12-11 15:13:36,0.0,0.0,0.0,0.0,0.0,0.0,0.0
2023-12-11 15:13:50,0.0,0.0,0.0,0.0,0.0,0.0,0.0
2023-12-11 15:14:03,0.0,0.0,0.0,0.0,0.0,0.0,0.0
2023-12-11 15:14:17,0.0,0.0,0.0,0.0,0.0,0.0,0.0
2023-12-11 15:20:31,60.0,20.48,998.34,14.0,43.5,448.0,89.0
2023-12-11 15:40:38,89.0,20.52,998.32,14.0,43.5,460.0,89.0
2023-12-11 16:00:46,165.0,20.53,998.24,15.0,43.5,464.0,89.0
2023-12-11 16:14:30,0.0,0.0,0.0,0.0,0.0,0.0,0.0
2023-12-11 16:14:35,0.0,0.0,0.0,0.0,0.0,0.0,0.0
2023-12-11 16:14:41,0.0,0.0,0.0,0.0,0.0,0.0,0.0
2023-12-11 16:14:47,0.0,0.0,0.0,0.0,0.0,0.0,0.0
2023-12-11 16:15:01,0.0,0.0,0.0,0.0,0.0,0.0,0.0
2023-12-11 16:20:54,120.0,20.54,998.59,14.0,43.5,464.0,89.0
2023-12-11 16:41:02,116.0,20.56,998.46,14.0,43.5,475.0,89.0
2023-12-11 17:21:20,210.0,20.56,998.5,14.0,43.5,476.0,89.0
2023-12-11 17:41:32,217.0,20.58,998.58,0.0,43.5,478.0,89.0
2023-12-11 18:01:40,189.0,20.59,998.65,0.0,43.5,481.0,89.0
2023-12-11 18:16:16,0.0,0.0,0.0,0.0,0.0,0.0,0.0
2023-12-11 18:16:22,0.0,0.0,0.0,0.0,0.0,0.0,0.0
2023-12-11 18:16:28,0.0,0.0,0.0,0.0,0.0,0.0,0.0
2023-12-11 18:16:41,0.0,0.0,0.0,0.0,0.0,0.0,0.0
2023-12-11 18:16:55,0.0,0.0,0.0,0.0,0.0,0.0,0.0
2023-12-11 18:21:59,138.0,20.61,998.91,0.0,43.5,483.0,89.0
2023-12-11 18:42:13,104.0,20.66,999.01,16.0,43.5,480.0,89.0
2023-12-11 19:02:26,81.0,20.7,999.05,16.0,43.5,472.0,89.0
2023-12-11 19:17:12,0.0,0.0,0.0,0.0,0.0,0.0,0.0
2023-12-11 19:17:18,0.0,0.0,0.0,0.0,0.0,0.0,0.0
2023-12-11 19:17:33,0.0,0.0,0.0,0.0,0.0,0.0,0.0
2023-12-11 19:17:46,0.0,0.0,0.0,0.0,0.0,0.0,0.0
2023-12-11 19:18:00,0.0,0.0,0.0,0.0,0.0,0.0,0.0
2023-12-11 19:22:49,74.0,20.73,998.99,16.0,43.5,449.0,89.0
2023-12-11 19:43:02,68.0,20.78,999.01,16.0,43.5,441.0,89.0
2023-12-11 20:03:14,66.0,20.8,999.16,16.0,43.5,435.0,89.0
2023-12-11 20:18:12,0.0,0.0,0.0,0.0,0.0,0.0,0.0
2023-12-11 20:18:25,0.0,0.0,0.0,0.0,0.0,0.0,0.0
2023-12-11 20:18:41,0.0,0.0,0.0,0.0,0.0,0.0,0.0
2023-12-11 20:18:47,0.0,0.0,0.0,0.0,0.0,0.0,0.0
2023-12-11 20:18:53,0.0,0.0,0.0,0.0,0.0,0.0,0.0
2023-12-11 20:23:28,62.0,20.8,999.03,16.0,43.5,428.0,89.0
2023-12-11 20:43:41,72.0,20.8,998.79,16.0,43.5,430.0,89.0
2023-12-11 21:03:54,97.0,20.78,998.93,16.0,43.5,431.0,89.0
2023-12-11 21:19:08,0.0,0.0,0.0,0.0,0.0,0.0,0.0
2023-12-11 21:19:15,0.0,0.0,0.0,0.0,0.0,0.0,0.0
2023-12-11 21:19:29,0.0,0.0,0.0,0.0,0.0,0.0,0.0
2023-12-11 21:19:44,0.0,0.0,0.0,0.0,0.0,0.0,0.0
2023-12-11 21:19:58,0.0,0.0,0.0,0.0,0.0,0.0,0.0
2023-12-11 21:24:07,105.0,20.76,999.06,16.0,43.5,430.0,89.0
2023-12-11 21:44:20,109.0,20.73,998.89,17.0,43.0,430.0,89.0
2023-12-11 22:04:33,118.0,20.69,998.59,16.0,43.0,430.0,89.0
2023-12-11 22:20:03,0.0,0.0,0.0,0.0,0.0,0.0,0.0
2023-12-11 22:20:10,0.0,0.0,0.0,0.0,0.0,0.0,0.0
2023-12-11 22:20:17,0.0,0.0,0.0,0.0,0.0,0.0,0.0
2023-12-11 22:20:23,0.0,0.0,0.0,0.0,0.0,0.0,0.0
2023-12-11 22:20:30,0.0,0.0,0.0,0.0,0.0,0.0,0.0
2023-12-11 22:24:46,139.0,20.65,998.58,18.0,43.0,430.0,89.0
2023-12-11 22:44:59,153.0,20.61,998.65,16.0,43.0,430.0,89.0
2023-12-11 23:05:12,167.0,20.57,998.75,16.0,43.0,429.0,89.0
2023-12-11 23:20:36,0.0,0.0,0.0,0.0,0.0,0.0,0.0
2023-12-11 23:20:42,0.0,0.0,0.0,0.0,0.0,0.0,0.0
2023-12-11 23:20:47,0.0,0.0,0.0,0.0,0.0,0.0,0.0
2023-12-11 23:21:09,0.0,0.0,0.0,0.0,0.0,0.0,0.0
2023-12-11 23:21:22,0.0,0.0,0.0,0.0,0.0,0.0,0.0
2023-12-11 23:25:26,174.0,20.53,998.56,16.0,43.0,428.0,89.0
2023-12-11 23:45:39,186.0,20.5,998.56,16.0,43.0,429.0,89.0
2023-12-12 00:05:52,199.0,20.45,998.38,16.0,43.0,428.0,89.0
2023-12-12 00:21:34,0.0,0.0,0.0,0.0,0.0,0.0,0.0
2023-12-12 00:21:41,0.0,0.0,0.0,0.0,0.0,0.0,0.0
2023-12-12 00:21:48,0.0,0.0,0.0,0.0,0.0,0.0,0.0
2023-12-12 00:21:54,0.0,0.0,0.0,0.0,0.0,0.0,0.0
2023-12-12 00:22:01,0.0,0.0,0.0,0.0,0.0,0.0,0.0
2023-12-12 00:26:05,212.0,20.41,998.18,16.0,43.0,426.0,89.0
2023-12-12 00:46:17,246.0,20.38,998.26,16.0,43.0,427.0,89.0
2023-12-12 01:06:30,262.0,20.34,997.83,16.0,43.0,427.0,89.0
2023-12-12 01:22:07,0.0,0.0,0.0,0.0,0.0,0.0,0.0
2023-12-12 01:22:13,0.0,0.0,0.0,0.0,0.0,0.0,0.0
2023-12-12 01:22:18,0.0,0.0,0.0,0.0,0.0,0.0,0.0
2023-12-12 01:22:32,0.0,0.0,0.0,0.0,0.0,0.0,0.0
2023-12-12 01:22:47,0.0,0.0,0.0,0.0,0.0,0.0,0.0
2023-12-12 01:26:43,279.0,20.3,997.52,16.0,43.0,426.0,89.0
2023-12-12 01:46:57,282.0,20.27,997.29,16.0,43.0,423.0,89.0
2023-12-12 02:07:10,286.0,20.23,997.16,16.0,43.0,424.0,89.0
2023-12-12 02:22:53,0.0,0.0,0.0,0.0,0.0,0.0,0.0
2023-12-12 02:23:07,0.0,0.0,0.0,0.0,0.0,0.0,0.0
2023-12-12 02:23:23,0.0,0.0,0.0,0.0,0.0,0.0,0.0
2023-12-12 02:23:29,0.0,0.0,0.0,0.0,0.0,0.0,0.0
2023-12-12 02:23:35,0.0,0.0,0.0,0.0,0.0,0.0,0.0
2023-12-12 02:27:24,313.0,20.2,997.04,16.0,43.0,421.0,89.0
2023-12-12 02:47:38,331.0,20.18,996.78,16.0,43.0,422.0,89.0
2023-12-12 03:07:51,349.0,20.15,996.8,17.0,43.0,423.0,89.0
2023-12-12 03:23:48,0.0,0.0,0.0,0.0,0.0,0.0,0.0
2023-12-12 03:23:55,0.0,0.0,0.0,0.0,0.0,0.0,0.0
2023-12-12 03:24:02,0.0,0.0,0.0,0.0,0.0,0.0,0.0
2023-12-12 03:24:54,0.0,0.0,0.0,0.0,0.0,0.0,0.0
2023-12-12 03:25:00,0.0,0.0,0.0,0.0,0.0,0.0,0.0
2023-12-12 03:25:05,0.0,0.0,0.0,0.0,0.0,0.0,0.0
2023-12-12 03:28:05,356.0,20.12,996.7,16.0,43.0,423.0,89.0
2023-12-12 03:48:19,355.0,20.1,996.33,16.0,43.0,422.0,89.0
2023-12-12 04:08:32,361.0,20.06,995.96,16.0,43.0,422.0,89.0
2023-12-12 04:25:10,0.0,0.0,0.0,0.0,0.0,0.0,0.0
2023-12-12 04:25:16,0.0,0.0,0.0,0.0,0.0,0.0,0.0
2023-12-12 04:25:30,0.0,0.0,0.0,0.0,0.0,0.0,0.0
2023-12-12 04:26:23,0.0,0.0,0.0,0.0,0.0,0.0,0.0
2023-12-12 04:26:29,0.0,0.0,0.0,0.0,0.0,0.0,0.0
2023-12-12 04:26:34,0.0,0.0,0.0,0.0,0.0,0.0,0.0
2023-12-12 04:28:44,371.0,20.04,995.61,17.0,43.0,421.0,89.0
2023-12-12 04:48:56,378.0,20.03,995.35,16.0,43.0,420.0,89.0
2023-12-12 05:09:09,380.0,19.99,995.08,16.0,43.0,417.0,89.0
2023-12-12 05:26:39,0.0,0.0,0.0,0.0,0.0,0.0,0.0
2023-12-12 05:26:45,0.0,0.0,0.0,0.0,0.0,0.0,0.0
2023-12-12 05:26:59,0.0,0.0,0.0,0.0,0.0,0.0,0.0
2023-12-12 05:27:04,0.0,0.0,0.0,0.0,0.0,0.0,0.0
2023-12-12 05:27:10,0.0,0.0,0.0,0.0,0.0,0.0,0.0
2023-12-12 05:29:23,381.0,19.96,994.72,16.0,43.0,418.0,89.0
2023-12-12 05:49:36,381.0,19.94,994.62,16.0,43.0,417.0,89.0
2023-12-12 06:09:48,378.0,19.93,994.34,16.0,43.0,416.0,89.0
2023-12-12 06:27:23,0.0,0.0,0.0,0.0,0.0,0.0,0.0
2023-12-12 06:27:29,0.0,0.0,0.0,0.0,0.0,0.0,0.0
2023-12-12 06:27:34,0.0,0.0,0.0,0.0,0.0,0.0,0.0
2023-12-12 06:27:40,0.0,0.0,0.0,0.0,0.0,0.0,0.0
2023-12-12 06:27:53,0.0,0.0,0.0,0.0,0.0,0.0,0.0
2023-12-12 06:30:02,383.0,19.91,994.23,16.0,43.0,415.0,89.0
2023-12-12 06:50:16,385.0,19.91,994.07,16.0,43.0,415.0,89.0
2023-12-12 07:10:29,385.0,19.89,993.87,16.0,43.0,414.0,89.0
2023-12-12 07:28:06,0.0,0.0,0.0,0.0,0.0,0.0,0.0
2023-12-12 07:28:12,0.0,0.0,0.0,0.0,0.0,0.0,0.0
2023-12-12 07:28:17,0.0,0.0,0.0,0.0,0.0,0.0,0.0
2023-12-12 07:28:23,0.0,0.0,0.0,0.0,0.0,0.0,0.0
2023-12-12 07:28:38,0.0,0.0,0.0,0.0,0.0,0.0,0.0
2023-12-12 07:30:43,378.0,19.88,993.7,16.0,43.0,414.0,89.0
2023-12-12 07:50:56,387.0,19.88,993.66,16.0,43.0,413.0,89.0
2023-12-12 08:11:09,388.0,19.87,993.76,16.0,43.0,411.0,89.0
2023-12-12 08:28:51,0.0,0.0,0.0,0.0,0.0,0.0,0.0
2023-12-12 08:28:56,0.0,0.0,0.0,0.0,0.0,0.0,0.0
2023-12-12 08:29:02,0.0,0.0,0.0,0.0,0.0,0.0,0.0
2023-12-12 08:29:08,0.0,0.0,0.0,0.0,0.0,0.0,0.0
2023-12-12 08:29:22,0.0,0.0,0.0,0.0,0.0,0.0,0.0
2023-12-12 08:31:22,378.0,19.86,993.78,16.0,43.0,410.0,89.0
2023-12-12 08:51:35,240.0,19.89,993.72,16.0,43.0,411.0,89.0
2023-12-12 10:12:24,25.0,20.13,993.78,16.0,43.5,413.0,89.0
2023-12-12 10:30:03,0.0,0.0,0.0,0.0,0.0,0.0,0.0
2023-12-12 10:30:16,0.0,0.0,0.0,0.0,0.0,0.0,0.0
2023-12-12 10:30:30,0.0,0.0,0.0,0.0,0.0,0.0,0.0
2023-12-12 10:30:43,0.0,0.0,0.0,0.0,0.0,0.0,0.0
2023-12-12 10:30:48,0.0,0.0,0.0,0.0,0.0,0.0,0.0
2023-12-12 10:32:37,26.0,20.2,993.78,16.0,43.5,415.0,89.0
2023-12-12 10:52:50,25.0,20.29,993.82,16.0,44.0,417.0,89.0
2023-12-12 11:13:02,27.0,20.37,993.64,16.0,44.0,417.0,89.0
2023-12-12 11:30:53,0.0,0.0,0.0,0.0,0.0,0.0,0.0
2023-12-12 11:30:59,0.0,0.0,0.0,0.0,0.0,0.0,0.0
2023-12-12 11:31:13,0.0,0.0,0.0,0.0,0.0,0.0,0.0
2023-12-12 11:31:19,0.0,0.0,0.0,0.0,0.0,0.0,0.0
2023-12-12 11:31:24,0.0,0.0,0.0,0.0,0.0,0.0,0.0
2023-12-12 11:33:14,31.0,20.44,993.36,16.0,44.0,417.0,89.0
2023-12-12 11:53:28,27.0,20.54,993.32,16.0,44.0,418.0,89.0
2023-12-12 12:13:39,31.0,20.62,993.27,16.0,44.0,419.0,89.0
2023-12-12 12:31:29,0.0,0.0,0.0,0.0,0.0,0.0,0.0
2023-12-12 12:31:43,0.0,0.0,0.0,0.0,0.0,0.0,0.0
2023-12-12 12:31:56,0.0,0.0,0.0,0.0,0.0,0.0,0.0
2023-12-12 12:32:09,0.0,0.0,0.0,0.0,0.0,0.0,0.0
2023-12-12 12:32:15,0.0,0.0,0.0,0.0,0.0,0.0,0.0
2023-12-12 12:33:55,44.0,20.72,993.03,15.0,44.0,439.0,89.0
2023-12-12 12:54:13,38.0,20.78,992.72,16.0,44.0,462.0,89.0
2023-12-12 15:15:51,41.0,20.96,990.71,16.0,44.5,508.0,89.0
2023-12-12 15:33:37,0.0,0.0,0.0,0.0,0.0,0.0,0.0
2023-12-12 15:33:42,0.0,0.0,0.0,0.0,0.0,0.0,0.0
2023-12-12 15:33:48,0.0,0.0,0.0,0.0,0.0,0.0,0.0
2023-12-12 15:34:01,0.0,0.0,0.0,0.0,0.0,0.0,0.0
2023-12-12 15:34:14,0.0,0.0,0.0,0.0,0.0,0.0,0.0
2023-12-12 15:36:08,44.0,20.99,990.42,16.0,44.5,505.0,89.0
2023-12-12 15:56:25,72.0,21.04,990.26,16.0,44.5,501.0,89.0
2023-12-12 16:16:42,100.0,21.08,990.18,16.0,44.5,509.0,89.0
2023-12-12 16:34:27,0.0,0.0,0.0,0.0,0.0,0.0,0.0
2023-12-12 16:34:32,0.0,0.0,0.0,0.0,0.0,0.0,0.0
2023-12-12 16:34:38,0.0,0.0,0.0,0.0,0.0,0.0,0.0
2023-12-12 16:34:52,0.0,0.0,0.0,0.0,0.0,0.0,0.0
2023-12-12 16:35:06,0.0,0.0,0.0,0.0,0.0,0.0,0.0
2023-12-12 16:36:58,94.0,21.11,990.28,16.0,45.0,516.0,89.0
2023-12-12 16:57:15,97.0,21.14,990.32,16.0,45.0,522.0,89.0
2023-12-12 17:17:30,90.0,21.15,990.24,16.0,45.0,518.0,89.0
2023-12-12 17:35:13,0.0,0.0,0.0,0.0,0.0,0.0,0.0
2023-12-12 17:35:18,0.0,0.0,0.0,0.0,0.0,0.0,0.0
2023-12-12 17:35:24,0.0,0.0,0.0,0.0,0.0,0.0,0.0
2023-12-12 17:35:29,0.0,0.0,0.0,0.0,0.0,0.0,0.0
2023-12-12 17:35:43,0.0,0.0,0.0,0.0,0.0,0.0,0.0
2023-12-12 17:37:47,87.0,21.13,989.91,16.0,44.5,513.0,89.0
2023-12-12 17:58:03,84.0,21.14,989.81,16.0,44.5,501.0,89.0
2023-12-12 18:18:20,61.0,21.14,989.65,16.0,45.0,490.0,89.0
2023-12-12 18:35:56,0.0,0.0,0.0,0.0,0.0,0.0,0.0
2023-12-12 18:36:02,0.0,0.0,0.0,0.0,0.0,0.0,0.0
2023-12-12 18:36:07,0.0,0.0,0.0,0.0,0.0,0.0,0.0
2023-12-12 18:36:21,0.0,0.0,0.0,0.0,0.0,0.0,0.0
2023-12-12 18:36:36,0.0,0.0,0.0,0.0,0.0,0.0,0.0
2023-12-12 18:38:35,47.0,21.15,989.65,16.0,45.0,466.0,89.0
2023-12-12 18:58:52,29.0,21.16,989.65,16.0,45.0,453.0,89.0
2023-12-12 19:19:08,26.0,21.17,989.57,16.0,45.0,438.0,89.0
2023-12-12 19:36:49,0.0,0.0,0.0,0.0,0.0,0.0,0.0
2023-12-12 19:37:03,0.0,0.0,0.0,0.0,0.0,0.0,0.0
2023-12-12 19:37:16,0.0,0.0,0.0,0.0,0.0,0.0,0.0
2023-12-12 19:37:29,0.0,0.0,0.0,0.0,0.0,0.0,0.0
2023-12-12 19:37:42,0.0,0.0,0.0,0.0,0.0,0.0,0.0
2023-12-12 19:39:25,25.0,21.17,989.35,16.0,45.0,427.0,89.0
2023-12-12 19:59:42,27.0,21.18,989.35,16.0,45.0,422.0,89.0
2023-12-12 20:20:00,30.0,21.14,989.45,16.0,44.5,418.0,89.0
2023-12-12 20:37:54,0.0,0.0,0.0,0.0,0.0,0.0,0.0
2023-12-12 20:38:00,0.0,0.0,0.0,0.0,0.0,0.0,0.0
2023-12-12 20:38:05,0.0,0.0,0.0,0.0,0.0,0.0,0.0
2023-12-12 20:38:18,0.0,0.0,0.0,0.0,0.0,0.0,0.0
2023-12-12 20:38:32,0.0,0.0,0.0,0.0,0.0,0.0,0.0
2023-12-12 20:40:16,29.0,21.1,989.39,16.0,44.5,413.0,89.0
2023-12-12 21:20:48,42.0,21.03,989.31,16.0,44.5,415.0,89.0
2023-12-12 21:38:42,0.0,0.0,0.0,0.0,0.0,0.0,0.0
2023-12-12 21:38:48,0.0,0.0,0.0,0.0,0.0,0.0,0.0
2023-12-12 21:38:54,0.0,0.0,0.0,0.0,0.0,0.0,0.0
2023-12-12 21:38:59,0.0,0.0,0.0,0.0,0.0,0.0,0.0
2023-12-12 21:39:12,0.0,0.0,0.0,0.0,0.0,0.0,0.0
2023-12-12 21:41:05,41.0,20.99,989.33,16.0,44.5,415.0,89.0
2023-12-12 22:01:22,44.0,20.95,989.23,16.0,44.5,415.0,89.0
2023-12-12 22:21:38,44.0,20.89,989.21,16.0,44.5,415.0,89.0
2023-12-12 22:39:25,0.0,0.0,0.0,0.0,0.0,0.0,0.0
2023-12-12 22:39:31,0.0,0.0,0.0,0.0,0.0,0.0,0.0
2023-12-12 22:39:36,0.0,0.0,0.0,0.0,0.0,0.0,0.0
2023-12-12 22:39:42,0.0,0.0,0.0,0.0,0.0,0.0,0.0
2023-12-12 22:40:36,0.0,0.0,0.0,0.0,0.0,0.0,0.0
2023-12-12 22:40:51,0.0,0.0,0.0,0.0,0.0,0.0,0.0
2023-12-12 22:41:55,44.0,20.84,989.08,16.0,44.5,408.0,89.0
2023-12-12 23:02:12,45.0,20.81,988.96,16.0,44.5,407.0,89.0
2023-12-12 23:22:29,42.0,20.74,988.82,16.0,44.5,408.0,89.0
2023-12-12 23:40:55,0.0,0.0,0.0,0.0,0.0,0.0,0.0
2023-12-12 23:41:01,0.0,0.0,0.0,0.0,0.0,0.0,0.0
2023-12-12 23:41:06,0.0,0.0,0.0,0.0,0.0,0.0,0.0
2023-12-12 23:41:28,0.0,0.0,0.0,0.0,0.0,0.0,0.0
2023-12-12 23:41:41,0.0,0.0,0.0,0.0,0.0,0.0,0.0
2023-12-12 23:42:47,42.0,20.69,988.7,16.0,44.5,410.0,89.0
2023-12-13 00:03:03,42.0,20.65,988.66,16.0,44.5,408.0,89.0
2023-12-13 00:23:20,42.0,20.58,988.61,16.0,44.5,408.0,89.0
2023-12-13 00:41:52,0.0,0.0,0.0,0.0,0.0,0.0,0.0
2023-12-13 00:41:58,0.0,0.0,0.0,0.0,0.0,0.0,0.0
2023-12-13 00:42:03,0.0,0.0,0.0,0.0,0.0,0.0,0.0
2023-12-13 00:42:09,0.0,0.0,0.0,0.0,0.0,0.0,0.0
2023-12-13 00:42:23,0.0,0.0,0.0,0.0,0.0,0.0,0.0
2023-12-13 00:43:33,40.0,20.54,988.51,14.0,44.5,408.0,89.0
2023-12-13 01:03:49,43.0,20.48,988.15,17.0,44.0,407.0,89.0
2023-12-13 01:24:05,44.0,20.43,987.86,16.0,44.0,405.0,89.0
2023-12-13 01:42:36,0.0,0.0,0.0,0.0,0.0,0.0,0.0
2023-12-13 01:42:42,0.0,0.0,0.0,0.0,0.0,0.0,0.0
2023-12-13 01:42:47,0.0,0.0,0.0,0.0,0.0,0.0,0.0
2023-12-13 01:42:53,0.0,0.0,0.0,0.0,0.0,0.0,0.0
2023-12-13 01:43:08,0.0,0.0,0.0,0.0,0.0,0.0,0.0
2023-12-13 01:44:22,44.0,20.39,987.88,16.0,44.0,405.0,89.0
2023-12-13 02:04:39,50.0,20.36,987.7,16.0,44.0,404.0,89.0
2023-12-13 02:24:56,44.0,20.31,987.64,16.0,44.0,403.0,89.0
2023-12-13 02:43:21,0.0,0.0,0.0,0.0,0.0,0.0,0.0
2023-12-13 02:43:35,0.0,0.0,0.0,0.0,0.0,0.0,0.0
2023-12-13 02:43:40,0.0,0.0,0.0,0.0,0.0,0.0,0.0
2023-12-13 02:43:46,0.0,0.0,0.0,0.0,0.0,0.0,0.0
2023-12-13 02:44:00,0.0,0.0,0.0,0.0,0.0,0.0,0.0
2023-12-13 02:45:13,46.0,20.27,987.61,16.0,44.0,402.0,89.0
2023-12-13 03:05:29,53.0,20.24,987.61,16.0,44.0,402.0,89.0
2023-12-13 03:25:45,52.0,20.21,987.59,16.0,44.0,400.0,89.0
2023-12-13 03:44:12,0.0,0.0,0.0,0.0,0.0,0.0,0.0
2023-12-13 03:44:18,0.0,0.0,0.0,0.0,0.0,0.0,0.0
2023-12-13 03:44:23,0.0,0.0,0.0,0.0,0.0,0.0,0.0
2023-12-13 03:44:29,0.0,0.0,0.0,0.0,0.0,0.0,0.0
2023-12-13 03:44:43,0.0,0.0,0.0,0.0,0.0,0.0,0.0
2023-12-13 03:46:00,51.0,20.17,987.55,16.0,44.0,400.0,89.0
2023-12-13 04:06:17,47.0,20.14,987.41,16.0,44.0,399.0,89.0
2023-12-13 04:26:33,52.0,20.09,987.29,16.0,44.0,399.0,89.0
2023-12-13 04:44:55,0.0,0.0,0.0,0.0,0.0,0.0,0.0
2023-12-13 04:45:01,0.0,0.0,0.0,0.0,0.0,0.0,0.0
2023-12-13 04:45:06,0.0,0.0,0.0,0.0,0.0,0.0,0.0
2023-12-13 04:45:19,0.0,0.0,0.0,0.0,0.0,0.0,0.0
2023-12-13 04:45:32,0.0,0.0,0.0,0.0,0.0,0.0,0.0
2023-12-13 04:46:49,45.0,20.06,987.03,16.0,44.0,400.0,89.0
2023-12-13 05:07:06,45.0,20.03,986.85,16.0,44.0,400.0,89.0
2023-12-13 05:27:22,41.0,19.99,986.83,16.0,44.0,399.0,89.0
2023-12-13 05:45:44,0.0,0.0,0.0,0.0,0.0,0.0,0.0
2023-12-13 05:45:50,0.0,0.0,0.0,0.0,0.0,0.0,0.0
2023-12-13 05:45:55,0.0,0.0,0.0,0.0,0.0,0.0,0.0
2023-12-13 05:46:10,0.0,0.0,0.0,0.0,0.0,0.0,0.0
2023-12-13 05:46:23,0.0,0.0,0.0,0.0,0.0,0.0,0.0
2023-12-13 05:47:41,51.0,19.96,986.83,16.0,44.0,398.0,89.0
2023-12-13 06:07:59,42.0,19.93,986.78,16.0,44.0,396.0,89.0
2023-12-13 06:28:15,44.0,19.9,986.64,16.0,44.0,396.0,89.0
2023-12-13 06:46:35,0.0,0.0,0.0,0.0,0.0,0.0,0.0
2023-12-13 06:46:41,0.0,0.0,0.0,0.0,0.0,0.0,0.0
2023-12-13 06:46:46,0.0,0.0,0.0,0.0,0.0,0.0,0.0
2023-12-13 06:46:52,0.0,0.0,0.0,0.0,0.0,0.0,0.0
2023-12-13 06:47:06,0.0,0.0,0.0,0.0,0.0,0.0,0.0
2023-12-13 06:48:32,47.0,19.88,986.52,16.0,44.0,396.0,89.0
2023-12-13 07:08:49,51.0,19.86,986.38,16.0,44.0,396.0,89.0
2023-12-13 07:29:06,50.0,19.82,986.3,16.0,44.0,396.0,89.0
2023-12-13 07:47:17,0.0,0.0,0.0,0.0,0.0,0.0,0.0
2023-12-13 07:47:23,0.0,0.0,0.0,0.0,0.0,0.0,0.0
2023-12-13 07:47:28,0.0,0.0,0.0,0.0,0.0,0.0,0.0
2023-12-13 07:47:34,0.0,0.0,0.0,0.0,0.0,0.0,0.0
2023-12-13 07:47:56,0.0,0.0,0.0,0.0,0.0,0.0,0.0
2023-12-13 07:49:23,49.0,19.8,986.48,16.0,44.0,398.0,89.0
2023-12-13 08:09:39,50.0,19.8,986.54,16.0,44.0,399.0,89.0
2023-12-13 08:29:55,55.0,19.79,986.54,16.0,44.0,399.0,89.0
2023-12-13 08:48:01,0.0,0.0,0.0,0.0,0.0,0.0,0.0
2023-12-13 08:48:07,0.0,0.0,0.0,0.0,0.0,0.0,0.0
2023-12-13 08:48:20,0.0,0.0,0.0,0.0,0.0,0.0,0.0
2023-12-13 08:48:33,0.0,0.0,0.0,0.0,0.0,0.0,0.0
2023-12-13 08:48:39,0.0,0.0,0.0,0.0,0.0,0.0,0.0
2023-12-13 08:50:13,50.0,19.77,986.66,16.0,44.5,401.0,89.0
2023-12-13 09:10:30,37.0,19.79,986.87,16.0,44.5,404.0,89.0
2023-12-13 09:30:47,45.0,19.8,986.97,16.0,44.5,416.0,89.0
2023-12-13 09:48:44,0.0,0.0,0.0,0.0,0.0,0.0,0.0
2023-12-13 09:48:49,0.0,0.0,0.0,0.0,0.0,0.0,0.0
2023-12-13 09:48:55,0.0,0.0,0.0,0.0,0.0,0.0,0.0
2023-12-13 09:49:01,0.0,0.0,0.0,0.0,0.0,0.0,0.0
2023-12-13 09:49:14,0.0,0.0,0.0,0.0,0.0,0.0,0.0
2023-12-13 09:50:07,0.0,0.0,0.0,0.0,0.0,0.0,0.0
2023-12-13 09:51:03,58.0,19.81,987.31,16.0,44.5,432.0,89.0
2023-12-13 10:11:14,48.0,19.83,987.41,0.0,44.5,445.0,89.0
2023-12-13 10:31:26,36.0,19.82,987.47,0.0,44.5,452.0,89.0
2023-12-13 10:50:12,0.0,0.0,0.0,0.0,0.0,0.0,0.0
2023-12-13 10:50:17,0.0,0.0,0.0,0.0,0.0,0.0,0.0
2023-12-13 10:50:23,0.0,0.0,0.0,0.0,0.0,0.0,0.0
2023-12-13 10:50:29,0.0,0.0,0.0,0.0,0.0,0.0,0.0
2023-12-13 10:50:43,0.0,0.0,0.0,0.0,0.0,0.0,0.0
2023-12-13 10:51:42,27.0,19.83,987.51,0.0,44.5,465.0,89.0
2023-12-13 11:11:59,31.0,19.86,987.76,16.0,44.5,469.0,89.0
2023-12-13 11:32:16,25.0,19.86,987.92,16.0,44.5,474.0,89.0
2023-12-13 11:50:56,0.0,0.0,0.0,0.0,0.0,0.0,0.0
2023-12-13 11:51:01,0.0,0.0,0.0,0.0,0.0,0.0,0.0
2023-12-13 11:51:07,0.0,0.0,0.0,0.0,0.0,0.0,0.0
2023-12-13 11:51:29,0.0,0.0,0.0,0.0,0.0,0.0,0.0
2023-12-13 11:51:42,0.0,0.0,0.0,0.0,0.0,0.0,0.0
2023-12-13 11:52:33,25.0,19.88,987.92,16.0,44.5,474.0,89.0
2023-12-13 12:12:49,25.0,19.94,988.06,16.0,44.5,475.0,89.0
2023-12-13 12:33:04,25.0,19.97,988.21,14.0,44.5,476.0,89.0
2023-12-13 12:51:54,0.0,0.0,0.0,0.0,0.0,0.0,0.0
2023-12-13 12:51:59,0.0,0.0,0.0,0.0,0.0,0.0,0.0
2023-12-13 12:52:05,0.0,0.0,0.0,0.0,0.0,0.0,0.0
2023-12-13 12:52:11,0.0,0.0,0.0,0.0,0.0,0.0,0.0
2023-12-13 12:52:25,0.0,0.0,0.0,0.0,0.0,0.0,0.0
2023-12-13 12:53:21,29.0,20.02,988.31,16.0,44.5,476.0,89.0
2023-12-13 13:13:38,25.0,20.07,988.33,16.0,44.5,474.0,89.0
2023-12-13 13:33:55,27.0,20.14,988.47,16.0,44.5,471.0,89.0
2023-12-13 14:34:44,49.0,20.28,988.76,16.0,44.5,469.0,89.0
2023-12-13 14:53:19,0.0,0.0,0.0,0.0,0.0,0.0,0.0
2023-12-13 14:53:33,0.0,0.0,0.0,0.0,0.0,0.0,0.0
2023-12-13 14:53:38,0.0,0.0,0.0,0.0,0.0,0.0,0.0
2023-12-13 14:53:52,0.0,0.0,0.0,0.0,0.0,0.0,0.0
2023-12-13 14:54:06,0.0,0.0,0.0,0.0,0.0,0.0,0.0
2023-12-13 14:55:00,46.0,20.31,988.96,16.0,44.5,496.0,89.0
2023-12-13 15:15:15,52.0,20.36,989.15,16.0,44.5,522.0,89.0
